"dominio_produto","dominio_ct","event_category","event_action","n_labels","labels_sample","n_eventos","n_migrar","n_remover","sql_predicate_hint"
"Aquisicao CF (Encontre)","Aquisicao CF","app-rev:encontre-seu-er","clique:botao","1","copiar","1","0","1","event_category = 'app-rev:encontre-seu-er' AND event_action = 'clique:botao'"
"Aquisicao CF (Encontre)","Aquisicao CF","app-rev:encontre-seu-er","clique:filtro","1","selecionar-cidade","1","0","1","event_category = 'app-rev:encontre-seu-er' AND event_action = 'clique:filtro'"
"Carteira de Clientes CF VD","Carteira de clientes","app-rev:$tag","","0","","3","3","0","event_category = 'app-rev:$tag'"
"Carteira de Clientes CF VD","Carteira de clientes","app-rev:$tag","clique:botao","3","ver-mais-indicacoes-vitrine-${origin.queryParameter}-de-clientes; ver-mais-vitrine-${origin.queryParameter}-de-clientes; ver-outras-indicacoes","3","1","2","event_category = 'app-rev:$tag' AND event_action = 'clique:botao'"
"Carteira de Clientes CF VD","Carteira de clientes","app-rev:agenda","","0","","3","0","3","event_category = 'app-rev:agenda'"
"Carteira de Clientes CF VD","Carteira de clientes","app-rev:categoria:indicacoes-para-clientes","","0","","2","0","2","event_category = 'app-rev:categoria:indicacoes-para-clientes'"
"Carteira de Clientes CF VD","Carteira de clientes","app-rev:gerenciar-clientes","","0","","6","0","6","event_category = 'app-rev:gerenciar-clientes'"
"Carteira de Clientes CF VD","Carteira de clientes","app-rev:gerenciar-clientes/detalhes/excluir-cf","","0","","1","0","1","event_category = 'app-rev:gerenciar-clientes/detalhes/excluir-cf'"
"Carteira de Clientes CF VD","Carteira de clientes","app-rev:gerenciar-clientes:anotacao","","0","","3","0","3","event_category = 'app-rev:gerenciar-clientes:anotacao'"
"Carteira de Clientes CF VD","Carteira de clientes","app-rev:gerenciar-clientes:conquistar-cf:","","0","","1","0","1","event_category = 'app-rev:gerenciar-clientes:conquistar-cf:'"
"Carteira de Clientes CF VD","Carteira de clientes","app-rev:gerenciar-clientes:detalhes","","0","","7","0","7","event_category = 'app-rev:gerenciar-clientes:detalhes'"
"Carteira de Clientes CF VD","Carteira de clientes","app-rev:gerenciar-clientes:detalhes:excluir-cf","","0","","2","0","2","event_category = 'app-rev:gerenciar-clientes:detalhes:excluir-cf'"
"Carteira de Clientes CF VD","Carteira de clientes","app-rev:gerenciar-clientes:indicar","","0","","1","0","1","event_category = 'app-rev:gerenciar-clientes:indicar'"
"Carteira de Clientes CF VD","Carteira de clientes","app-rev:gerenciar-clientes:meus-clientes","","0","","2","0","2","event_category = 'app-rev:gerenciar-clientes:meus-clientes'"
"Carteira de Clientes CF VD","Carteira de clientes","app-rev:gerenciar-clientes:proximos-aniversarios","","0","","4","0","4","event_category = 'app-rev:gerenciar-clientes:proximos-aniversarios'"
"Carteira de Clientes CF VD","Carteira de clientes","app-rev:gerenciar-clientes:recebimentos","clique:botao","9","adicionar-venda; consultar-detalhes; enviar-lembrete; filtro:${filter.toAnalyticsFormat()}; parcela-alvo:abrir-pesquisa; parcela-alvo:enviar-lembrete; pesquisa-in-app; tentar-novamente","9","0","9","event_category = 'app-rev:gerenciar-clientes:recebimentos' AND event_action = 'clique:botao'"
"Carteira de Clientes CF VD","Carteira de clientes","app-rev:gerenciar-clientes:recebimentos","clique:icone","3","parcela-alvo:fechar; parcela-alvo:fechar-pesquisa; voltar","3","0","3","event_category = 'app-rev:gerenciar-clientes:recebimentos' AND event_action = 'clique:icone'"
"Carteira de Clientes CF VD","Carteira de clientes","app-rev:gerenciar-clientes:recebimentos","visualizacao:widget","1","parcela-alvo:widget","1","0","1","event_category = 'app-rev:gerenciar-clientes:recebimentos' AND event_action = 'visualizacao:widget'"
"Carteira de Clientes CF VD","Carteira de clientes","app-rev:gerenciar-clientes:vendas","","0","","3","0","3","event_category = 'app-rev:gerenciar-clientes:vendas'"
"Carteira de Clientes CF VD","Carteira de clientes","app-rev:gerenciar-vendas:cobrar-cliente","clique:botao","10","cobrar-parcela-individual; cobrar-todos-valores-nao-pagos; compartilhar-lembrete; exibir-todas-as-parcelas; habilitar-link-pagamento; selecionar-data-lembrete; selecionar-valor-cobranca; visualizar-previa-lembrete","10","9","1","event_category = 'app-rev:gerenciar-vendas:cobrar-cliente' AND event_action = 'clique:botao'"
"Carteira de Clientes CF VD","Carteira de clientes","app-rev:gestao:organizar-vendas:adicionar-cliente","clique:botao","2","importar-contatos; informacao-telefone","2","2","0","event_category = 'app-rev:gestao:organizar-vendas:adicionar-cliente' AND event_action = 'clique:botao'"
"Carteira de Clientes CF VD","Carteira de clientes","app-rev:gestao:organizar-vendas:selecionar-cliente","caixa-de-texto-busca-cliente","1","buscar-nome-cliente","1","1","0","event_category = 'app-rev:gestao:organizar-vendas:selecionar-cliente' AND event_action = 'caixa-de-texto-busca-cliente'"
"Carteira de Clientes CF VD","Carteira de clientes","app-rev:gestao:organizar-vendas:selecionar-cliente","clique:botao","5","adicionar; adicionar-cliente; salvar-selecao; selecionar-cliente-cadastrado; tentar-novamente","5","5","0","event_category = 'app-rev:gestao:organizar-vendas:selecionar-cliente' AND event_action = 'clique:botao'"
"Conteudos e treinamento","Conteudos e treinamento","app-rev:divulgar-conteudos","clique:botao","2","ver-mais:titulo; ver-tudo:carrossel","2","0","2","event_category = 'app-rev:divulgar-conteudos' AND event_action = 'clique:botao'"
"Conteudos e treinamento","Conteudos e treinamento","app-rev:divulgar-conteudos","dinamico","1","dinamico (toAnalyticsFormat)","1","1","0","event_category = 'app-rev:divulgar-conteudos' AND event_action = 'dinamico'"
"Conteudos e treinamento","Conteudos e treinamento","app-rev:divulgar-dicas-e-treinamentos","clique:botao","2","ver-mais:titulo; ver-tudo:carrossel","2","0","2","event_category = 'app-rev:divulgar-dicas-e-treinamentos' AND event_action = 'clique:botao'"
"Conteudos e treinamento","Conteudos e treinamento","app-rev:divulgar-dicas-e-treinamentos","dinamico","1","dinamico (toAnalyticsFormat)","1","1","0","event_category = 'app-rev:divulgar-dicas-e-treinamentos' AND event_action = 'dinamico'"
"Conteudos e treinamento","Conteudos e treinamento","app-rev:novidades","clique:botao","1","$buttonFormatted:$cardFormatted","1","0","1","event_category = 'app-rev:novidades' AND event_action = 'clique:botao'"
"Dados Sellout RE","Perfil e configuracao MLD","app-rev:configuracao:editar-link","clique:botao","2","cancelar; salvar","2","2","0","event_category = 'app-rev:configuracao:editar-link' AND event_action = 'clique:botao'"
"Dados Sellout RE","Perfil e configuracao MLD","app-rev:configuracao:editar-link","interacao:campo","1","preencheu:link-da-loja","1","1","0","event_category = 'app-rev:configuracao:editar-link' AND event_action = 'interacao:campo'"
"Dados Sellout RE","Perfil e configuracao MLD","app-rev:configuracao:editar-perfil","clique:botao","1","adicionar-foto","1","1","0","event_category = 'app-rev:configuracao:editar-perfil' AND event_action = 'clique:botao'"
"Dados Sellout RE","Perfil e configuracao MLD","app-rev:configuracao:editar-perfil","interacao:campo","1","preencheu:$field","1","1","0","event_category = 'app-rev:configuracao:editar-perfil' AND event_action = 'interacao:campo'"
"Dados Sellout RE","Perfil e configuracao MLD","app-rev:divulgacao:compartilhar-suas-lojas","clique:botao","2","editar-perfil-da-loja; voltar","2","1","1","event_category = 'app-rev:divulgacao:compartilhar-suas-lojas' AND event_action = 'clique:botao'"
"Dados Sellout RE","Perfil e configuracao MLD","app-rev:minha-loja-digital","clique:botao","5","configuracao:estoque; configuracao-recebiveis; link-da-loja; perfil-da-loja; performance-da-loja","5","5","0","event_category = 'app-rev:minha-loja-digital' AND event_action = 'clique:botao'"
"Dados Sellout RE","Perfil e configuracao MLD","app-rev:minha-loja-digital","clique:link","1","criar-minha-loja-digital","1","1","0","event_category = 'app-rev:minha-loja-digital' AND event_action = 'clique:link'"
"Divulgacao MLD","Divulgacao MLD","app-rev:divulgacao:catalogo-fisico","clique:botao","1","$optOut:$brand","1","1","0","event_category = 'app-rev:divulgacao:catalogo-fisico' AND event_action = 'clique:botao'"
"Divulgacao MLD","Divulgacao MLD","app-rev:divulgacao:catalogos-erro","clique:botao","1","tentar-novamente","1","1","0","event_category = 'app-rev:divulgacao:catalogos-erro' AND event_action = 'clique:botao'"
"Divulgacao MLD","Materiais de divulgacao","app-rev:divulgacao:imagens","clique:botao","1","$button:$sectionNameFormatted","1","1","0","event_category = 'app-rev:divulgacao:imagens' AND event_action = 'clique:botao'"
"Divulgacao MLD","Materiais de divulgacao","app-rev:divulgacao:imagens","clique:imagem","1","$imageNameFormatted:$index:$sectionNameFormatted","1","1","0","event_category = 'app-rev:divulgacao:imagens' AND event_action = 'clique:imagem'"
"Divulgacao MLD","Materiais de divulgacao","app-rev:divulgacao:imagens","clique:modal","2","agora-nao; compartilhar-minha-loja-digital","2","0","2","event_category = 'app-rev:divulgacao:imagens' AND event_action = 'clique:modal'"
"Divulgacao MLD","Materiais de divulgacao","app-rev:divulgacao:imagens","dinamico","1","dinamico (toAnalyticsFormat)","3","0","3","event_category = 'app-rev:divulgacao:imagens' AND event_action = 'dinamico'"
"Divulgacao MLD","Materiais de divulgacao","app-rev:divulgacao:imagens","navegacao","1","$imageNameFormatted:$index:$sectionNameFormatted","1","0","1","event_category = 'app-rev:divulgacao:imagens' AND event_action = 'navegacao'"
"Divulgacao MLD","Divulgacao MLD","app-rev:divulgar","click:banner","1","ver-novidade-ruptura","1","1","0","event_category = 'app-rev:divulgar' AND event_action = 'click:banner'"
"Divulgacao MLD","Divulgacao MLD","app-rev:divulgar:catalogos","clique:botao","3","abrir-catalogo::$brand; compartilhar-catalogo::$brand; ver-mais","3","2","1","event_category = 'app-rev:divulgar:catalogos' AND event_action = 'clique:botao'"
"Divulgacao MLD","Divulgacao MLD","app-rev:divulgar:catalogos","interacao:scroll","1","carousel","1","0","1","event_category = 'app-rev:divulgar:catalogos' AND event_action = 'interacao:scroll'"
"Divulgacao MLD","Materiais de divulgacao","app-rev:divulgar:materiais","clique:botao","2","ver-mais:carrosel; ver-mais:titulo","2","0","2","event_category = 'app-rev:divulgar:materiais' AND event_action = 'clique:botao'"
"Divulgacao MLD","Materiais de divulgacao","app-rev:divulgar:materiais","clique:imagem","3","${FormatterHelper.toAnalyticsFormat(section)}:divulgar; ${FormatterHelper.toAnalyticsFormat(section)}:ver-imagem; ${FormatterHelper.toAnalyticsFormat(section)}:zoom","3","3","0","event_category = 'app-rev:divulgar:materiais' AND event_action = 'clique:imagem'"
"Divulgacao MLD","Materiais de divulgacao","app-rev:divulgar:materiais","dinamico","1","dinamico (toAnalyticsFormat)","4","0","4","event_category = 'app-rev:divulgar:materiais' AND event_action = 'dinamico'"
"Divulgacao MLD","Materiais de divulgacao","app-rev:divulgar:materiais:imagem","clique:botao","2","divulgar; voltar","2","1","1","event_category = 'app-rev:divulgar:materiais:imagem' AND event_action = 'clique:botao'"
"Divulgacao MLD","Divulgacao MLD","app-rev:divulgar-catalogos","clique:botao","4","abrir-$brand; divulgar-$type-$brand; ver-mais-carrossel; ver-mais-titulo","4","2","2","event_category = 'app-rev:divulgar-catalogos' AND event_action = 'clique:botao'"
"Divulgacao MLD","Divulgacao MLD","app-rev:divulgar-mld","clique:botao","2","divulgar-multimarcas; editar","2","2","0","event_category = 'app-rev:divulgar-mld' AND event_action = 'clique:botao'"
"Divulgacao MLD","Divulgacao MLD","app-rev:divulgar-mld","clique:card","2","divulgar-por-marca; divulgar-pronta-entrega","2","2","0","event_category = 'app-rev:divulgar-mld' AND event_action = 'clique:card'"
"Divulgacao MLD","Divulgacao MLD","app-rev:divulgar-mld-por-marca","clique:botao","1","adicionar-produtos","1","1","0","event_category = 'app-rev:divulgar-mld-por-marca' AND event_action = 'clique:botao'"
"Divulgacao MLD","Divulgacao MLD","app-rev:divulgar-mld-por-marca","clique:card","2","divulgar-pronta-entrega:${brand.tag}; editar-link","2","2","0","event_category = 'app-rev:divulgar-mld-por-marca' AND event_action = 'clique:card'"
"Divulgacao MLD","Trafego Home","app-rev:home","dinamico","1","dinamico (toAnalyticsFormat)","1","1","0","event_category = 'app-rev:home' AND event_action = 'dinamico'"
"Pronta Entrega RE","Estoque RE","app-rev:gestao-estoque","callback:editar-produto","2","$sku:erro; $sku:sucesso","2","2","0","event_category = 'app-rev:gestao-estoque' AND event_action = 'callback:editar-produto'"
"Pronta Entrega RE","Estoque RE","app-rev:gestao-estoque","clique:botao","12","${brand.tag}:adicionar-novo-produto; ${brand.tag}:adicionar-produto:$quantity:$sku; ${brand.tag}:card:$sku; ${brand.tag}:editar-preco:$sku; ${brand.tag}:excluir-produto:$sku; ${brand.tag}:tentar-novamente; $sku:$optInText; adicionar:$sku","12","4","8","event_category = 'app-rev:gestao-estoque' AND event_action = 'clique:botao'"
"Pronta Entrega RE","Estoque RE","app-rev:gestao-estoque","clique:icone","1","codigo-de-barras","1","0","1","event_category = 'app-rev:gestao-estoque' AND event_action = 'clique:icone'"
"Pronta Entrega RE","Estoque RE","app-rev:gestao-estoque","clique:tooltip","1","info-preco","1","0","1","event_category = 'app-rev:gestao-estoque' AND event_action = 'clique:tooltip'"
"Pronta Entrega RE","Estoque RE","app-rev:gestao-estoque","interacao:busca","1","${brand.tag}:$term","1","0","1","event_category = 'app-rev:gestao-estoque' AND event_action = 'interacao:busca'"
"Pronta Entrega RE","Estoque RE","app-rev:gestao-estoque:modal","callback:adicionar-produto","2","$quantity:$sku:erro; $quantity:$sku:sucesso","2","2","0","event_category = 'app-rev:gestao-estoque:modal' AND event_action = 'callback:adicionar-produto'"
"Pronta Entrega RE","Estoque RE","app-rev:gestao-estoque:modal","clique:botao","12","adicionar-ao-estoque:$sku; adicionar-item:$sku; adicionar-produto:$sku; compartilhar-produto-pronta-entrega; continuar-editando-o-produto; fechar; fechar:$sku; manter-produto-no-estoque","15","0","15","event_category = 'app-rev:gestao-estoque:modal' AND event_action = 'clique:botao'"
"Pronta Entrega RE","Estoque RE","app-rev:gestao-estoque:modal","clique:tooltip","1","info-preco","1","0","1","event_category = 'app-rev:gestao-estoque:modal' AND event_action = 'clique:tooltip'"
"Pronta Entrega RE","Estoque RE","app-rev:gestao-estoque:modal:baixa-automatica","clique:botao","2","nao-gerenciar-manualmente; sim-retirar-automaticamente","2","0","2","event_category = 'app-rev:gestao-estoque:modal:baixa-automatica' AND event_action = 'clique:botao'"
"Pronta Entrega RE","Estoque RE","app-rev:sell-in-sell-out:pronta-entrega","clique:botao","1","adicionar-produtos-pronta-entrega","1","1","0","event_category = 'app-rev:sell-in-sell-out:pronta-entrega' AND event_action = 'clique:botao'"
"Pronta Entrega RE","Estoque RE","app-rev:sell-in-sell-out:pronta-entrega","view:modal","1","certeza-deseja-sair","1","1","0","event_category = 'app-rev:sell-in-sell-out:pronta-entrega' AND event_action = 'view:modal'"
"Pronta Entrega RE","Estoque RE","app-rev:sell-in-sell-out:pronta-entrega-sucesso","clique:botao","4","compartilhar-minha-loja-digital; ir-para-pronta-entrega; voltar-para-detalhes-do-pedido; voltar-para-o-inicio","4","1","3","event_category = 'app-rev:sell-in-sell-out:pronta-entrega-sucesso' AND event_action = 'clique:botao'"
"Recomendacao de Produtos CF VD","Recomendacao de produtos","$_eventCategoryBase:indicar","","0","","8","8","0","event_category = '$_eventCategoryBase:indicar'"
"Tarefas / Gestao (hub)","Gestao do negocio","app-rev:agenda:selecionar-contato","","0","","2","0","2","event_category = 'app-rev:agenda:selecionar-contato'"
"Tarefas / Gestao (hub)","Gestao do negocio","app-rev:gestao:organizar-vendas:selecionar-produto","clique:botao","1","selecionar","1","1","0","event_category = 'app-rev:gestao:organizar-vendas:selecionar-produto' AND event_action = 'clique:botao'"
"Tarefas / Gestao (hub)","Gestao do negocio","app-rev:gestao-de-negocio","clique:botao","32","acessar-novo-aplicativo; acessar-relatorio; acesso-rapido-assistente-${FormatterHelper.toLowerHyphenated(suggestion)}; adicionar-nova-venda:${origin.value}; adicionar-pronta-entrega-sellin:sem-venda; adicionar-venda-sellin:sem-venda; anterior; atualize-suas-vendas:ver-mais","32","8","24","event_category = 'app-rev:gestao-de-negocio' AND event_action = 'clique:botao'"
"Tarefas / Gestao (hub)","Gestao do negocio","app-rev:gestao-de-negocio","clique:componente","2","resumo-do-negocio:relatorio; resumo-do-negocio:relatorio-financeiro","2","0","2","event_category = 'app-rev:gestao-de-negocio' AND event_action = 'clique:componente'"
"Tarefas / Gestao (hub)","Gestao do negocio","app-rev:gestao-de-negocio","interacao:campo","1","caixa-de-texto-assistente","1","0","1","event_category = 'app-rev:gestao-de-negocio' AND event_action = 'interacao:campo'"
"Tarefas / Gestao (hub)","Gestao do negocio","app-rev:gestao-de-negocio","interacao:scroll","1","gestao-de-negocio","1","0","1","event_category = 'app-rev:gestao-de-negocio' AND event_action = 'interacao:scroll'"
"Tarefas / Gestao (hub)","Gestao do negocio","app-rev:gestao-de-negocio","view:componente","1","visualizar-feedback-hub","1","0","1","event_category = 'app-rev:gestao-de-negocio' AND event_action = 'view:componente'"
"Tarefas / Gestao (hub)","Gestao do negocio","app-rev:relatorio-financeiro","callback:relatorio-financeiro","1","erro:aconteceu-algo-inesperado-por-favor-tente-novamente","1","1","0","event_category = 'app-rev:relatorio-financeiro' AND event_action = 'callback:relatorio-financeiro'"
"Tarefas / Gestao (hub)","Gestao do negocio","app-rev:relatorio-financeiro","clique:botao","14","acessar-todos-boletos; acessar-todos-pagamentos; adicionar-pix-a-venda; adicionar-vendas; atualizar-relatorio-financeiro; cobrar-clientes; conhecer-carteira; faq","14","13","1","event_category = 'app-rev:relatorio-financeiro' AND event_action = 'clique:botao'"
"Tarefas / Gestao (hub)","Gestao do negocio","app-rev:vendas-recebidas","clique:botao","2","adicionar-produtos-ao-carrinho; voltar-para-o-carrinho","2","1","1","event_category = 'app-rev:vendas-recebidas' AND event_action = 'clique:botao'"
"Trafego geral MLD (cross)","Menu e atalhos","app-rev:menu","clique:secao","9","divulgar; gestao-de-clientes; gestao-de-estoque; gestao-de-vendas; minha-loja-digital; novidades; opt-out-catalogo-fisico; tarefas","9","9","0","event_category = 'app-rev:menu' AND event_action = 'clique:secao'"
"Vendas Sellout VD","Vendas sellout","$eventCategory:conversion","conversion","1","salvar-vendas:${Intl.pluralLogic(
            salesCount,
            one: ","1","1","0","event_category = '$eventCategory:conversion' AND event_action = 'conversion'"
"Vendas Sellout VD","Vendas sellout","app-rev:editar-produto","clique:botao","2","adicionar-produto; salvar-edicao","2","1","1","event_category = 'app-rev:editar-produto' AND event_action = 'clique:botao'"
"Vendas Sellout VD","Vendas sellout","app-rev:editar-produto","clique:icone","1","excluir-produto:$sku","1","0","1","event_category = 'app-rev:editar-produto' AND event_action = 'clique:icone'"
"Vendas Sellout VD","Vendas sellout","app-rev:gerenciar-cobranca","clique:botao","1","gerar-link:${type.name}${origin != null ? ","1","1","0","event_category = 'app-rev:gerenciar-cobranca' AND event_action = 'clique:botao'"
"Vendas Sellout VD","Vendas sellout","app-rev:gerenciar-vendas","callback:alterar-data","1","sucesso","1","1","0","event_category = 'app-rev:gerenciar-vendas' AND event_action = 'callback:alterar-data'"
"Vendas Sellout VD","Vendas sellout","app-rev:gerenciar-vendas","callback:auto_save_sale","2","erro; sucesso","2","2","0","event_category = 'app-rev:gerenciar-vendas' AND event_action = 'callback:auto_save_sale'"
"Vendas Sellout VD","Vendas sellout","app-rev:gerenciar-vendas","callback:nova-venda","1","sucesso","1","1","0","event_category = 'app-rev:gerenciar-vendas' AND event_action = 'callback:nova-venda'"
"Vendas Sellout VD","Vendas sellout","app-rev:gerenciar-vendas","clique:botao","36","$paymentStatus:confirmar:${success ? ; $sku:adicionar; adicionar-informacao; adicionar-parcela; adicionar-parcelamento; adicionar-produto-a-venda; adicionar-produtos-ao-carrinho:$saleId; alterar-cliente","43","22","21","event_category = 'app-rev:gerenciar-vendas' AND event_action = 'clique:botao'"
"Vendas Sellout VD","Vendas sellout","app-rev:gerenciar-vendas","clique:icone","2","codigo-de-barras; fechar","2","0","2","event_category = 'app-rev:gerenciar-vendas' AND event_action = 'clique:icone'"
"Vendas Sellout VD","Vendas sellout","app-rev:gerenciar-vendas","clique:tooltip","1","info-pago-parcial","1","0","1","event_category = 'app-rev:gerenciar-vendas' AND event_action = 'clique:tooltip'"
"Vendas Sellout VD","Vendas sellout","app-rev:gerenciar-vendas","dinamico","1","dinamico (toAnalyticsFormat)","1","0","1","event_category = 'app-rev:gerenciar-vendas' AND event_action = 'dinamico'"
"Vendas Sellout VD","Vendas sellout","app-rev:gerenciar-vendas","video:youtube","3","pausa-tutorial-video-link-pagamento; start-tutorial-video-link-pagamento; termino-tutorial-video-link-pagamento","3","0","3","event_category = 'app-rev:gerenciar-vendas' AND event_action = 'video:youtube'"
"Vendas Sellout VD","Vendas sellout","app-rev:gerenciar-vendas:$category","clique:botao","6","fechar-banner; ir-para-relatorio; parcelas:$quantity; salvar-condicoes-pagamento; vence-a-cada-$interval-dias; voltar","6","0","6","event_category = 'app-rev:gerenciar-vendas:$category' AND event_action = 'clique:botao'"
"Vendas Sellout VD","Vendas sellout","app-rev:gerenciar-vendas:adicionar-venda-rapida:adicionar-produto","click:toast","1","venda-rapida-adicionada:complementar-venda","1","1","0","event_category = 'app-rev:gerenciar-vendas:adicionar-venda-rapida:adicionar-produto' AND event_action = 'click:toast'"
"Vendas Sellout VD","Vendas sellout","app-rev:gerenciar-vendas:adicionar-venda-rapida:adicionar-produto","clique:botao","1","salvar-venda-rapida","1","1","0","event_category = 'app-rev:gerenciar-vendas:adicionar-venda-rapida:adicionar-produto' AND event_action = 'clique:botao'"
"Vendas Sellout VD","Vendas sellout","app-rev:gerenciar-vendas:adicionar-venda-rapida:adicionar-produto","view:toast","1","venda-rapida-adicionada","1","1","0","event_category = 'app-rev:gerenciar-vendas:adicionar-venda-rapida:adicionar-produto' AND event_action = 'view:toast'"
"Vendas Sellout VD","Vendas sellout","app-rev:gerenciar-vendas:cobrar-cliente-pagamento","clique:botao","4","copiar-pix; enviar-mensagem-pix; gerar-link; gerar-link:customizado","4","4","0","event_category = 'app-rev:gerenciar-vendas:cobrar-cliente-pagamento' AND event_action = 'clique:botao'"
"Vendas Sellout VD","Vendas sellout","app-rev:gerenciar-vendas:cobrar-cliente-pagamento","interacao:campo","1","preencheu:valor-acima-do-total","1","1","0","event_category = 'app-rev:gerenciar-vendas:cobrar-cliente-pagamento' AND event_action = 'interacao:campo'"
"Vendas Sellout VD","Vendas sellout","app-rev:gerenciar-vendas:confirmar-sair","clique:botao","1","continuar-editando","2","0","2","event_category = 'app-rev:gerenciar-vendas:confirmar-sair' AND event_action = 'clique:botao'"
"Vendas Sellout VD","Vendas sellout","app-rev:gerenciar-vendas:detalhe-parcela:modal:adicionar-dados-pagamento","clique:botao","2","adicionar; ir-para-relatorio","2","0","2","event_category = 'app-rev:gerenciar-vendas:detalhe-parcela:modal:adicionar-dados-pagamento' AND event_action = 'clique:botao'"
"Vendas Sellout VD","Vendas sellout","app-rev:gerenciar-vendas:detalhe-parcela:modal:adicionar-dados-pagamento","dinamico","1","dinamico (toAnalyticsFormat)","2","0","2","event_category = 'app-rev:gerenciar-vendas:detalhe-parcela:modal:adicionar-dados-pagamento' AND event_action = 'dinamico'"
"Vendas Sellout VD","Vendas sellout","app-rev:gerenciar-vendas:detalhe-parcela:modal:adicionar-dados-pagamento","interacao:campo","2","preencheu:data-do-pagamento:data-invalida:$formattedDate; preencheu:valor:valor-invalido:$value","2","0","2","event_category = 'app-rev:gerenciar-vendas:detalhe-parcela:modal:adicionar-dados-pagamento' AND event_action = 'interacao:campo'"
"Vendas Sellout VD","Vendas sellout","app-rev:gerenciar-vendas:detalhe-parcela:modal:adicionar-dados-pagamento","interacao:lista","1","tipo-pagamento:$type","1","0","1","event_category = 'app-rev:gerenciar-vendas:detalhe-parcela:modal:adicionar-dados-pagamento' AND event_action = 'interacao:lista'"
"Vendas Sellout VD","Vendas sellout","app-rev:gerenciar-vendas:detalhe-parcela:modal:adicionar-dados-pagamento","show:modal","1","/app-rev/gerenciar-vendas/detalhes-da-venda/modal/add-payment","1","0","1","event_category = 'app-rev:gerenciar-vendas:detalhe-parcela:modal:adicionar-dados-pagamento' AND event_action = 'show:modal'"
"Vendas Sellout VD","Vendas sellout","app-rev:gerenciar-vendas:detalhe-parcela:modal:deletar-parcelas","clique:botao","2","nao-excluir; sim-quero-excluir","4","0","4","event_category = 'app-rev:gerenciar-vendas:detalhe-parcela:modal:deletar-parcelas' AND event_action = 'clique:botao'"
"Vendas Sellout VD","Vendas sellout","app-rev:gerenciar-vendas:detalhe-parcela:modal:editar-condicoes-de-pagamento","clique:botao","1","adicionar","1","0","1","event_category = 'app-rev:gerenciar-vendas:detalhe-parcela:modal:editar-condicoes-de-pagamento' AND event_action = 'clique:botao'"
"Vendas Sellout VD","Vendas sellout","app-rev:gerenciar-vendas:detalhe-parcela:modal:editar-condicoes-de-pagamento","dinamico","1","dinamico (toAnalyticsFormat)","1","0","1","event_category = 'app-rev:gerenciar-vendas:detalhe-parcela:modal:editar-condicoes-de-pagamento' AND event_action = 'dinamico'"
"Vendas Sellout VD","Vendas sellout","app-rev:gerenciar-vendas:detalhe-parcela:modal:editar-condicoes-de-pagamento","interacao:campo","2","preencheu:data-do-pagamento:data-invalida:$formattedDate; preencheu:valor:valor-invalido:$value","2","0","2","event_category = 'app-rev:gerenciar-vendas:detalhe-parcela:modal:editar-condicoes-de-pagamento' AND event_action = 'interacao:campo'"
"Vendas Sellout VD","Vendas sellout","app-rev:gerenciar-vendas:detalhe-parcela:modal:editar-condicoes-de-pagamento","show:modal","1","adicionar-parcelas","1","0","1","event_category = 'app-rev:gerenciar-vendas:detalhe-parcela:modal:editar-condicoes-de-pagamento' AND event_action = 'show:modal'"
"Vendas Sellout VD","Vendas sellout","app-rev:gerenciar-vendas:detalhe-parcela:modal:editar-parcela","clique:botao","1","salvar-alteracoes","1","0","1","event_category = 'app-rev:gerenciar-vendas:detalhe-parcela:modal:editar-parcela' AND event_action = 'clique:botao'"
"Vendas Sellout VD","Vendas sellout","app-rev:gerenciar-vendas:detalhe-parcela:modal:editar-parcela","dinamico","1","dinamico (toAnalyticsFormat)","1","0","1","event_category = 'app-rev:gerenciar-vendas:detalhe-parcela:modal:editar-parcela' AND event_action = 'dinamico'"
"Vendas Sellout VD","Vendas sellout","app-rev:gerenciar-vendas:detalhe-parcela:modal:editar-parcela","interacao:campo","2","preencheu:data-do-pagamento:data-invalida:$formattedDate; preencheu:valor:valor-invalido:$value","2","0","2","event_category = 'app-rev:gerenciar-vendas:detalhe-parcela:modal:editar-parcela' AND event_action = 'interacao:campo'"
"Vendas Sellout VD","Vendas sellout","app-rev:gerenciar-vendas:detalhe-parcela:modal:editar-parcela","show:modal","1","editar-parcela","1","0","1","event_category = 'app-rev:gerenciar-vendas:detalhe-parcela:modal:editar-parcela' AND event_action = 'show:modal'"
"Vendas Sellout VD","Vendas sellout","app-rev:gerenciar-vendas:detalhes-da-venda:alterar-parcelas","clique:botao","8","adicionar-parcela; cancelar-exclusao; confirmar-exclusao; excluir-parcela; replicar-parcela; salvar-alteracao; tooltip-info-parcela; voltar","8","0","8","event_category = 'app-rev:gerenciar-vendas:detalhes-da-venda:alterar-parcelas' AND event_action = 'clique:botao'"
"Vendas Sellout VD","Vendas sellout","app-rev:gerenciar-vendas:detalhes-da-venda:detalhes-da-parcela","clique:botao","6","adicionar-pagamento; deletar-pagamento; deletar-parcela; editar-parcela; enviar-lembrete; ver-historico","6","0","6","event_category = 'app-rev:gerenciar-vendas:detalhes-da-venda:detalhes-da-parcela' AND event_action = 'clique:botao'"
"Vendas Sellout VD","Vendas sellout","app-rev:gerenciar-vendas:detalhes-da-venda:detalhes-da-parcela","dinamico","1","dinamico (toAnalyticsFormat)","1","0","1","event_category = 'app-rev:gerenciar-vendas:detalhes-da-venda:detalhes-da-parcela' AND event_action = 'dinamico'"
"Vendas Sellout VD","Vendas sellout","app-rev:gerenciar-vendas:detalhes-da-venda:modal:venda-atualizada","clique:botao","2","ajustar-mais-tarde; ajustar-parcelas","2","0","2","event_category = 'app-rev:gerenciar-vendas:detalhes-da-venda:modal:venda-atualizada' AND event_action = 'clique:botao'"
"Vendas Sellout VD","Vendas sellout","app-rev:gerenciar-vendas:enviar-lembrete","clique:botao","5","enviar-lembrete; selecionar-data-lembrete; visualizar-previa-lembrete; visualizar-tooltip; voltar","5","1","4","event_category = 'app-rev:gerenciar-vendas:enviar-lembrete' AND event_action = 'clique:botao'"
"Vendas Sellout VD","Vendas sellout","app-rev:gerenciar-vendas:modal:parcelas-a-receber","clique:botao","3","enviar-cobranca; fechar; selecionar-parcela-$installment","3","0","3","event_category = 'app-rev:gerenciar-vendas:modal:parcelas-a-receber' AND event_action = 'clique:botao'"
"Vendas Sellout VD","Vendas sellout","app-rev:gerenciar-vendas:onboarding-produto-generico","clique:botao","10","adicionar-produto-a-venda; adicionar-produtos; adicionar-venda; fechar; formulario; outras-marcas; pular; quero-conhecer","10","0","10","event_category = 'app-rev:gerenciar-vendas:onboarding-produto-generico' AND event_action = 'clique:botao'"
"Vendas Sellout VD","Vendas sellout","app-rev:gerenciar-vendas:opcoes-cobranca","clique:botao","3","cobrar-com-lembrete; cobrar-com-link; voltar","3","0","3","event_category = 'app-rev:gerenciar-vendas:opcoes-cobranca' AND event_action = 'clique:botao'"
"Vendas Sellout VD","Vendas sellout","app-rev:gerenciar-vendas:venda-adicionada","clique:botao","4","adicionar-nova-venda; adicionar-parcelas-e-datas; gerar-link-de-pagamento; sair","4","4","0","event_category = 'app-rev:gerenciar-vendas:venda-adicionada' AND event_action = 'clique:botao'"
"Vendas Sellout VD","Vendas sellout","app-rev:gerenciar-vendas-selecionar-produtos","clique:botao","5","confirmar-selecao-produto; fechar; outras-marcas-$parsedName; tentar-novamente; voltar-para-a-venda","5","3","2","event_category = 'app-rev:gerenciar-vendas-selecionar-produtos' AND event_action = 'clique:botao'"
"Vendas Sellout VD","Vendas sellout","app-rev:gestao:organizar-vendas","clique:botao","8","adicionar-nova-venda; alterar-cliente; alterar-data; remover-produto; remover-venda; salvar-vendas; selecionar-cliente; selecionar-produto","8","8","0","event_category = 'app-rev:gestao:organizar-vendas' AND event_action = 'clique:botao'"
"Vendas Sellout VD","Vendas sellout","app-rev:gestao:organizar-vendas:modal-excluir-venda","clique:botao","2","nao-excluir-venda; sim-quero-excluir","2","0","2","event_category = 'app-rev:gestao:organizar-vendas:modal-excluir-venda' AND event_action = 'clique:botao'"
"Vendas Sellout VD","Vendas sellout","app-rev:gestao:organizar-vendas:vendas-adicionadas","clique:botao","4","compartilhar-minha-loja-digital; ir-para-menu-gerenciar-vendas; voltar-para-detalhes-do-pedido; voltar-para-o-inicio","4","1","3","event_category = 'app-rev:gestao:organizar-vendas:vendas-adicionadas' AND event_action = 'clique:botao'"
"Vendas Sellout VD","Vendas sellout","app-rev:modal:cancelar-modal","clique:botao","6","nao-cancelar; nao-reconheco-essa-venda; o-cliente-desistiu-da-venda; outros-motivos; por-falta-de-produtos-precisei-cancelar-a-venda; sim-quero-cancelar","6","0","6","event_category = 'app-rev:modal:cancelar-modal' AND event_action = 'clique:botao'"
"Vendas Sellout VD","Vendas sellout","app-rev:modal:concluir-venda","clique:botao","2","nao-concluir-a-venda; sim-quero-concluir","2","0","2","event_category = 'app-rev:modal:concluir-venda' AND event_action = 'clique:botao'"
"Vendas Sellout VD","Vendas sellout","app-rev:relatorio-de-vendas","clique:botao","7","relatorio-financeiro; tentar-novamente:${_getMonthTag(monthAndYear)}; ver-as-recomendacoes; ver-produtos-em-promocao; ver-todos-os-produtos; ver-vendas:${_getMonthTag(monthAndYear)}; ver-vendas:${paymentStatus.tagText}:$salesCount:${_getMonthTag(monthAndYear)}","7","1","6","event_category = 'app-rev:relatorio-de-vendas' AND event_action = 'clique:botao'"
"Vendas Sellout VD","Vendas sellout","app-rev:relatorio-de-vendas","interacao:scroll","0","","1","0","1","event_category = 'app-rev:relatorio-de-vendas' AND event_action = 'interacao:scroll'"
"Vendas Sellout VD","Vendas sellout","app-rev:vendas-recebidas","clique:botao","3","adicionar-produtos-ao-carrinho:$saleId; tentar-novamente; ver-gestao-vendas","3","2","1","event_category = 'app-rev:vendas-recebidas' AND event_action = 'clique:botao'"
