"dominio_produto","dominio_ct","prioridade","pergunta","indicador_legado","proxy_pos","sinal_corte"
"Divulgacao MLD","Divulgacao MLD","P0","RE compartilha MLD ou link da loja?","app-rev:divulgar-mld*; compartilhar*/divulgar*","interaction_divulgar share_*","share << PV hub"
"Divulgacao MLD","Divulgacao MLD","P0","RE abre catalogo digital?","abrir-catalogo::* / app-rev:divulgar:catalogos","open:catalog-$brand","abrir alto e share baixo"
"Divulgacao MLD","Divulgacao MLD","P0","RE compartilha catalogo?","compartilhar-catalogo::*","share:catalog-$brand",""
"Divulgacao MLD","Divulgacao MLD","P1","Qual modulo gera mais share?","breakdown app-rev:divulgar*","cd_interaction_detail","modulo residual + muitos remover"
"Divulgacao MLD","Materiais de divulgacao","P0","RE baixa/compartilha imagem de material?","app-rev:divulgar:materiais clique:imagem","download/share imagem","poucos shares vs muitos ver-mais"
"Divulgacao MLD","Trafego Home","P1","Home converte para divulgacao?","app-rev:home + menu divulgar","PV Home + interaction_divulgar",""
"Dados Sellout RE","Perfil e configuracao MLD","P0","RE edita perfil ou link da loja?","configuracao:editar-* salvar","interaction config + callback","edicao baixa vs criacao"
"Dados Sellout RE","Perfil e configuracao MLD","P0","RE abre configs da MLD?","minha-loja-digital configuracao:*","PV config MLD","config sem uso"
"Pronta Entrega RE","Estoque RE","P0","RE adiciona produto ao estoque com sucesso?","callback:adicionar-produto *:sucesso","callback_estoque_add_product_success","muitos cliques modal sem callback"
"Pronta Entrega RE","Estoque RE","P0","RE edita estoque sucesso/erro?","callback:editar-produto","callback_estoque_*",""
"Pronta Entrega RE","Estoque RE","P0","Apos pronta-entrega RE compartilha MLD?","pronta-entrega-sucesso compartilhar-minha-loja-digital","share MLD","sem share pos-sucesso"
"Vendas Sellout VD","Vendas sellout","P0","RE registra/adiciona venda?","gerenciar-vendas + organizar-vendas","callback_vendas_create_sale_success","nao cortar P0"
"Vendas Sellout VD","Vendas sellout","P0","RE cobra cliente ou envia lembrete?","cobrar-cliente*; enviar-lembrete","interaction_gestao cobranca",""
"Vendas Sellout VD","Vendas sellout","P0","Auto-save de rascunho funciona?","callbacks save venda","callback_vendas_auto_save_sale_*",""
"Vendas Sellout VD","Vendas sellout","P1","Onde o funil de venda mais abandona?","breakdown gerenciar-vendas:*","PV etapas + INT chave","etapa so remover sem PV"
"Vendas Sellout VD","Vendas sellout","P1","Onboarding produto generico ainda importa?","onboarding-produto-generico","-","0 migrar — validar volume"
"Carteira de Clientes CF VD","Carteira de clientes","P0","RE abre gestao/detalhe de cliente?","gerenciar-clientes*; detalhes","PV clientes/detalhe",""
"Carteira de Clientes CF VD","Carteira de clientes","P0","RE cobra/lembra a partir do cliente?","cobrar-cliente*; recebimentos","interactions cobranca","recebimentos quase so remover"
"Carteira de Clientes CF VD","Carteira de clientes","P0","RE seleciona cliente na venda?","selecionar-cliente","interaction_gestao select client",""
"Carteira de Clientes CF VD","Carteira de clientes","P1","Aniversarios/agenda geram uso?","proximos-aniversarios; agenda*","PV aniversarios","candidata a corte"
"Tarefas / Gestao (hub)","Gestao do negocio","P0","RE acessa relatorio financeiro e age?","relatorio-financeiro","PV + interactions",""
"Tarefas / Gestao (hub)","Gestao do negocio","P0","Erros de relatorio financeiro ocorrem?","callback:relatorio-financeiro","callback_gestao_financial_report_error",""
"Tarefas / Gestao (hub)","Gestao do negocio","P1","Quais atalhos do hub sao usados?","gestao-de-negocio acesso-rapido-*","PV destino","preferir PV vs clique hub"
"Recomendacao de Produtos CF VD","Recomendacao de produtos","P0","RE usa fluxo de indicar produtos?","$_eventCategoryBase:indicar","interaction indicar","validar volume real"
"Conteudos e treinamento","Conteudos e treinamento","P0","RE abre card de dica/treinamento?","divulgar-dicas-e-treinamentos; divulgar-conteudos","open conteudo / PV LP","so ver-mais = ruido"
"Aquisicao CF (Encontre)","Aquisicao CF","P0","Encontre no APP ainda tem uso?","encontre-seu-er","fora_app / web","0 migrar — candidata a nao manter APP"
"Trafego geral MLD (cross)","Menu e atalhos","P0","Quais secoes do menu levam a jornadas C&T?","app-rev:menu","PV destino","manter so se attribution for KPI"
