"dominio_produto","dominio_ct","total_eventos","n_migrar","n_remover","n_categories_unique","event_categories","filtros_ga4_sugeridos","custo_manutencao_proxy","nota_mapeamento"
"Vendas Sellout VD","Vendas sellout","191","63","128","28","$eventCategory:conversion | app-rev:editar-produto | app-rev:gerenciar-cobranca | app-rev:gerenciar-vendas | app-rev:gerenciar-vendas:$category | app-rev:gerenciar-vendas:adicionar-venda-rapida:adicionar-produto | app-rev:gerenciar-vendas:cobrar-cliente-pagamento | app-rev:gerenciar-vendas:confirmar-sair | app-rev:gerenciar-vendas:detalhe-parcela:modal:adicionar-dados-pagamento | app-rev:gerenciar-vendas:detalhe-parcela:modal:deletar-parcelas | app-rev:gerenciar-vendas:detalhe-parcela:modal:editar-condicoes-de-pagamento | app-rev:gerenciar-vendas:detalhe-parcela:modal:editar-parcela | app-rev:gerenciar-vendas:detalhes-da-venda:alterar-parcelas | app-rev:gerenciar-vendas:detalhes-da-venda:detalhes-da-parcela | app-rev:gerenciar-vendas:detalhes-da-venda:modal:venda-atualizada | app-rev:gerenciar-vendas:enviar-lembrete | app-rev:gerenciar-vendas:modal:parcelas-a-receber | app-rev:gerenciar-vendas:onboarding-produto-generico | app-rev:gerenciar-vendas:opcoes-cobranca | app-rev:gerenciar-vendas:venda-adicionada | app-rev:gerenciar-vendas-selecionar-produtos | app-rev:gestao:organizar-vendas | app-rev:gestao:organizar-vendas:modal-excluir-venda | app-rev:gestao:organizar-vendas:vendas-adicionadas | app-rev:modal:cancelar-modal | app-rev:modal:concluir-venda | app-rev:relatorio-de-vendas | app-rev:vendas-recebidas","$eventCategory:conversion:* | app-rev:editar-produto:* | app-rev:gerenciar-cobranca:* | app-rev:gerenciar-vendas:* | app-rev:gerenciar-vendas-selecionar-produtos:* | app-rev:gestao:* | app-rev:modal:* | app-rev:relatorio-de-vendas:* | app-rev:vendas-recebidas:*","63 tags a migrar / 191 eventos legados no inventario","Jornada sellout no app"
"Carteira de Clientes CF VD","Carteira de clientes","73","21","52","17","app-rev:$tag | app-rev:agenda | app-rev:categoria:indicacoes-para-clientes | app-rev:gerenciar-clientes | app-rev:gerenciar-clientes/detalhes/excluir-cf | app-rev:gerenciar-clientes:anotacao | app-rev:gerenciar-clientes:conquistar-cf: | app-rev:gerenciar-clientes:detalhes | app-rev:gerenciar-clientes:detalhes:excluir-cf | app-rev:gerenciar-clientes:indicar | app-rev:gerenciar-clientes:meus-clientes | app-rev:gerenciar-clientes:proximos-aniversarios | app-rev:gerenciar-clientes:recebimentos | app-rev:gerenciar-clientes:vendas | app-rev:gerenciar-vendas:cobrar-cliente | app-rev:gestao:organizar-vendas:adicionar-cliente | app-rev:gestao:organizar-vendas:selecionar-cliente","app-rev:$tag:* | app-rev:agenda:* | app-rev:categoria:* | app-rev:gerenciar-clientes/detalhes/excluir-cf:* | app-rev:gerenciar-clientes:* | app-rev:gerenciar-vendas:* | app-rev:gestao:*","21 tags a migrar / 73 eventos legados no inventario","Pode cruzar com Recomendacao > Gestao de clientes"
"Tarefas / Gestao (hub)","Gestao do negocio","72","32","40","5","app-rev:agenda:selecionar-contato | app-rev:gestao:organizar-vendas:selecionar-produto | app-rev:gestao-de-negocio | app-rev:relatorio-financeiro | app-rev:vendas-recebidas","app-rev:agenda:* | app-rev:gestao:* | app-rev:gestao-de-negocio:* | app-rev:relatorio-financeiro:* | app-rev:vendas-recebidas:*","32 tags a migrar / 72 eventos legados no inventario","Hub Gestao — revisar se e C&T ou compartilhado"
"Pronta Entrega RE","Estoque RE","43","11","32","5","app-rev:gestao-estoque | app-rev:gestao-estoque:modal | app-rev:gestao-estoque:modal:baixa-automatica | app-rev:sell-in-sell-out:pronta-entrega | app-rev:sell-in-sell-out:pronta-entrega-sucesso","app-rev:gestao-estoque:* | app-rev:sell-in-sell-out:*","11 tags a migrar / 43 eventos legados no inventario","Pronta-entrega / estoque"
"Divulgacao MLD","Materiais de divulgacao","23","9","14","3","app-rev:divulgacao:imagens | app-rev:divulgar:materiais | app-rev:divulgar:materiais:imagem","app-rev:divulgacao:* | app-rev:divulgar:*","9 tags a migrar / 23 eventos legados no inventario","Galeria Prismic na aba Divulgar"
"Divulgacao MLD","Divulgacao MLD","19","15","4","7","app-rev:divulgacao:catalogo-fisico | app-rev:divulgacao:catalogos-erro | app-rev:divulgar | app-rev:divulgar:catalogos | app-rev:divulgar-catalogos | app-rev:divulgar-mld | app-rev:divulgar-mld-por-marca","app-rev:divulgacao:* | app-rev:divulgar:* | app-rev:divulgar-catalogos:* | app-rev:divulgar-mld:* | app-rev:divulgar-mld-por-marca:*","15 tags a migrar / 19 eventos legados no inventario","Agrupa share MLD, catalogos e trafego de divulgacao"
"Dados Sellout RE","Perfil e configuracao MLD","13","12","1","4","app-rev:configuracao:editar-link | app-rev:configuracao:editar-perfil | app-rev:divulgacao:compartilhar-suas-lojas | app-rev:minha-loja-digital","app-rev:configuracao:* | app-rev:divulgacao:* | app-rev:minha-loja-digital:*","12 tags a migrar / 13 eventos legados no inventario","Config da loja digital"
"Trafego geral MLD (cross)","Menu e atalhos","9","9","0","1","app-rev:menu","app-rev:menu:*","9 tags a migrar / 9 eventos legados no inventario","Entradas transversais — muitas times"
"Recomendacao de Produtos CF VD","Recomendacao de produtos","8","8","0","1","$_eventCategoryBase:indicar","$_eventCategoryBase:indicar:*","8 tags a migrar / 8 eventos legados no inventario","Ativacoes e divulgacao de produto"
"Conteudos e treinamento","Conteudos e treinamento","7","2","5","3","app-rev:divulgar-conteudos | app-rev:divulgar-dicas-e-treinamentos | app-rev:novidades","app-rev:divulgar-conteudos:* | app-rev:divulgar-dicas-e-treinamentos:* | app-rev:novidades:*","2 tags a migrar / 7 eventos legados no inventario","Carrossel LPs Prismic"
"Aquisicao CF (Encontre)","Aquisicao CF","2","0","2","1","app-rev:encontre-seu-er","app-rev:encontre-seu-er:*","0 tags a migrar / 2 eventos legados no inventario","Opt-in e descoberta RE"
"Divulgacao MLD","Trafego Home","1","1","0","1","app-rev:home","app-rev:home:*","1 tags a migrar / 1 eventos legados no inventario","Home > divulgar MLD"
