"navbar","dominio_ct","status","classificacao","contexto_legado","evento_legado_json","json_novo"
"Inicio","Promocoes e ofertas","adicionar_pageview","novo","Interacao em exclusive offers","","{""client_id"":""[[identificador-unico-usuario]]"",""session_id"":""[[identificador-unico-sessao]]"",""events"":[{""name"":""screen_view"",""params"":{""cd_page_title"":""ofertas-exclusivas"",""screen_name"":""/app-rev/{origin}/categoria/ofertas-exclusivas""}}]}"
"Inicio","Promocoes e ofertas","remover","remover","Interacao em exclusive offers","{""event"":{""eventCategory"":""$_appRev:${analyticsFormatter(promotionType)}"",""eventAction"":""interacao:scroll"",""eventLabel"":""scrollSectionEventLabel(""}}",""
"Inicio","Promocoes e ofertas","remover","remover","Interacao em exclusive offers","{""event"":{""eventCategory"":""$_appRev:${analyticsFormatter(promotionType)}"",""eventAction"":""clique:botao"",""eventLabel"":""clickRedirectCardEventLabel(""}}",""
"Inicio","Promocoes e ofertas","migrar","migrar","Interacao em exclusive offers","{""event"":{""eventCategory"":""\u0027$_appRev:${categoryAndPromotionType(categoryType"",""eventAction"":""clique:botao"",""eventLabel"":""adicionar-item:$product""}}","{""client_id"":""[[identificador-unico-usuario]]"",""session_id"":""[[identificador-unico-sessao]]"",""events"":[{""name"":""add_to_cart"",""params"":{""currency"":""BRL"",""item_list_name"":""$itemListName"",""items"":[{""item_id"":""$sku"",""item_name"":""$itemName"",""item_brand"":""$brand"",""price"":""$price"",""quantity"":""$quantity""}],""value"":""$value""}}]}"
"Inicio","Promocoes e ofertas","remover","remover","Interacao em exclusive offers","{""event"":{""eventCategory"":""\u0027$_appRev:${categoryAndPromotionType(categoryType"",""eventAction"":""icon:botao"",""eventLabel"":""adicionar-item:$product""}}",""
"Inicio","Promocoes e ofertas","remover","remover","Interacao em exclusive offers","{""event"":{""eventCategory"":""$_appRev:${FormatterHelper.toAnalyticsFormat(flow)}"",""eventAction"":""clique:input"",""eventLabel"":""quantidade:$quantity""}}",""
"Inicio","Promocoes e ofertas","migrar","migrar","Interacao em extra profit cross","{""interaction_promo_cross"":{""eventCategory"":"""",""eventAction"":"""",""eventLabel"":""""}}","{""client_id"":""[[identificador-unico-usuario]]"",""session_id"":""[[identificador-unico-sessao]]"",""events"":[{""name"":""view_promotion"",""params"":{""creative_name"":""$creativeName"",""creative_slot"":""$creativeSlot"",""promotion_id"":""$promotionId"",""promotion_name"":""$promotionName""}}]}"
"Inicio","Lista de produtos (PLP)","migrar","migrar","Interacao em order","{""event"":{""eventCategory"":""orderButtonEventCategory(screen)"",""eventAction"":""clique:botao"",""eventLabel"":""ordenar""}}","{""client_id"":""[[identificador-unico-usuario]]"",""session_id"":""[[identificador-unico-sessao]]"",""events"":[{""name"":""interaction_explorar"",""params"":{""cd_interaction_detail"":""click:button-ordenar""}}]}"
"Inicio","Lista de produtos (PLP)","migrar","migrar","Interacao em order","{""event"":{""eventCategory"":""orderEventCategory(screen)"",""eventAction"":""clique:botao"",""eventLabel"":""limpar-ordenacao""}}","{""client_id"":""[[identificador-unico-usuario]]"",""session_id"":""[[identificador-unico-sessao]]"",""events"":[{""name"":""interaction_explorar"",""params"":{""cd_interaction_detail"":""click:button-limpar-ordenacao""}}]}"
"Inicio","Lista de produtos (PLP)","adicionar_pageview","novo","Interacao em order","","{""client_id"":""[[identificador-unico-usuario]]"",""session_id"":""[[identificador-unico-sessao]]"",""events"":[{""name"":""screen_view"",""params"":{""cd_page_title"":""ordenar"",""screen_name"":""/app-rev/lista/ordenar""}}]}"
"Inicio","PDP (detalhe do produto)","adicionar_pageview","novo","Interacao em remind me","","{""client_id"":""[[identificador-unico-usuario]]"",""session_id"":""[[identificador-unico-sessao]]"",""events"":[{""name"":""screen_view"",""params"":{""cd_page_title"":""{flow}"",""screen_name"":""/app-rev/avise-me/{flow}""}}]}"
"Inicio","Favoritos","adicionar_pageview","novo","Interacao em favorites","","{""client_id"":""[[identificador-unico-usuario]]"",""session_id"":""[[identificador-unico-sessao]]"",""events"":[{""name"":""screen_view"",""params"":{""cd_page_title"":""favoritos"",""screen_name"":""/app-rev/busca/favoritos""}}]}"
"Inicio","Busca","migrar","migrar","Interacao em section in search","{""event"":{""eventCategory"":""app-rev:vitrine-recomendacao-vdf-busca"",""eventAction"":""clique:botao"",""eventLabel"":""adicionar-item:$product""}}","{""client_id"":""[[identificador-unico-usuario]]"",""session_id"":""[[identificador-unico-sessao]]"",""events"":[{""name"":""add_to_cart"",""params"":{""currency"":""BRL"",""item_list_name"":""$itemListName"",""items"":[{""item_id"":""$sku"",""item_name"":""$itemName"",""item_brand"":""$brand"",""price"":""$price"",""quantity"":""$quantity""}],""value"":""$value""}}]}"
"Inicio","Busca","remover","remover","Interacao em section in search","{""event"":{""eventCategory"":""app-rev:vitrine-recomendacao-vdf-busca"",""eventAction"":""clique:icone"",""eventLabel"":""adicionar-item:$product""}}",""
"Inicio","Busca","remover","remover","Interacao em section in search","{""event"":{""eventCategory"":""app-rev:vitrine-recomendacao-vdf-busca"",""eventAction"":""clique:botao"",""eventLabel"":""clickRedirectCardEventLabel(""}}",""
"Inicio","Busca","remover","remover","Interacao em section in search","{""event"":{""eventCategory"":""app-rev:vitrine-recomendacao-vdf-busca"",""eventAction"":""interacao:scroll"",""eventLabel"":""scrollSectionEventLabel(""}}",""
"Inicio","Busca","migrar","migrar","Interacao em section in search","{""event"":{""eventCategory"":""remindMeFlowEventCategory(appRev"",""eventAction"":""clique:botao"",""eventLabel"":""adicionar-item:$product""}}","{""client_id"":""[[identificador-unico-usuario]]"",""session_id"":""[[identificador-unico-sessao]]"",""events"":[{""name"":""add_to_cart"",""params"":{""currency"":""BRL"",""item_list_name"":""$itemListName"",""items"":[{""item_id"":""$sku"",""item_name"":""$itemName"",""item_brand"":""$brand"",""price"":""$price"",""quantity"":""$quantity""}],""value"":""$value""}}]}"
"Inicio","Busca","migrar","migrar","Interacao em filter search","{""event"":{""eventCategory"":""app-rev:busca:modal:filtrar"",""eventAction"":"""",""eventLabel"":""aplicar:$filters""}}","{""client_id"":""[[identificador-unico-usuario]]"",""session_id"":""[[identificador-unico-sessao]]"",""events"":[{""name"":""interaction_explorar"",""params"":{""cd_interaction_detail"":""click:filter-aplicar""}}]}"
"Inicio","Busca","migrar","migrar","Interacao em filter search","{""event"":{""eventCategory"":""app-rev:busca:modal:filtrar"",""eventAction"":"""",""eventLabel"":""$labelPrefix$labelSuffix""}}","{""client_id"":""[[identificador-unico-usuario]]"",""session_id"":""[[identificador-unico-sessao]]"",""events"":[{""name"":""interaction_explorar"",""params"":{""cd_interaction_detail"":""click:button-labelprefixlabelsuffix""}}]}"
"Inicio","Busca","remover","remover","Interacao em filter tutorial","{""event"":{""eventCategory"":""app-rev:busca"",""eventAction"":""clique:botao"",""eventLabel"":""componentes-filtro-busca""}}",""
"Inicio","Busca","remover","remover","Interacao em filter tutorial","{""event"":{""eventCategory"":""app-rev:busca"",""eventAction"":""clique:botao"",""eventLabel"":""finalizar-coachmark-filtro-busca""}}",""
"Inicio","Busca","migrar","migrar","Interacao em medium card search","{""event"":{""eventCategory"":"""",""eventAction"":""clique:botao"",""eventLabel"":""$_addToCartPrefix:$variant""}}","{""client_id"":""[[identificador-unico-usuario]]"",""session_id"":""[[identificador-unico-sessao]]"",""events"":[{""name"":""add_to_cart"",""params"":{""currency"":""BRL"",""item_list_name"":""$itemListName"",""items"":[{""item_id"":""$sku"",""item_name"":""$itemName"",""item_brand"":""$brand"",""price"":""$price"",""quantity"":""$quantity""}],""value"":""$value""}}]}"
"Inicio","Busca","migrar","migrar","Interacao em medium card search","{""event"":{""eventCategory"":"""",""eventAction"":""clique:botao"",""eventLabel"":""ver-similares""}}","{""client_id"":""[[identificador-unico-usuario]]"",""session_id"":""[[identificador-unico-sessao]]"",""events"":[{""name"":""interaction_explorar"",""params"":{""cd_interaction_detail"":""click:button-produtos-similares"",""cd_sku"":""$sku""}}]}"
"Inicio","Busca","migrar","migrar","Interacao em medium card search","{""event"":{""eventCategory"":"""",""eventAction"":""view:componente"",""eventLabel"":""card-medium-horizontal""}}","{""client_id"":""[[identificador-unico-usuario]]"",""session_id"":""[[identificador-unico-sessao]]"",""events"":[{""name"":""interaction_explorar"",""params"":{""cd_interaction_detail"":""click:button-card-medium-horizontal""}}]}"
"Inicio","Busca","migrar","migrar","Interacao em search","{""event"":{""eventCategory"":""app-rev:busca"",""eventAction"":""interacao:busque-por-codigo-ou-nome"",""eventLabel"":""term""}}","{""client_id"":""[[identificador-unico-usuario]]"",""session_id"":""[[identificador-unico-sessao]]"",""events"":[{""name"":""search"",""params"":{""search_term"":""$searchTerm""}}]}"
"Inicio","Busca","migrar","migrar","Interacao em search","{""event"":{""eventCategory"":""app-rev:busca"",""eventAction"":""lupa:callback"",""eventLabel"":""$error:$normalizedError:$normalizedTerm$flowText""}}","{""client_id"":""[[identificador-unico-usuario]]"",""session_id"":""[[identificador-unico-sessao]]"",""events"":[{""name"":""callback_busca_search_error"",""params"":{""cd_error_message"":""search-failed"",""search_term"":""$searchTerm""}}]}"
"Inicio","Busca","migrar","migrar","Interacao em search","{""event"":{""eventCategory"":""app-rev:busca"",""eventAction"":""clique:botao"",""eventLabel"":""adicionar-item:$product""}}","{""client_id"":""[[identificador-unico-usuario]]"",""session_id"":""[[identificador-unico-sessao]]"",""events"":[{""name"":""add_to_cart"",""params"":{""currency"":""BRL"",""item_list_name"":""$itemListName"",""items"":[{""item_id"":""$sku"",""item_name"":""$itemName"",""item_brand"":""$brand"",""price"":""$price"",""quantity"":""$quantity""}],""value"":""$value""}}]}"
"Inicio","Busca","migrar","migrar","Interacao em search","{""event"":{""eventCategory"":""app-rev:busca"",""eventAction"":""clique:botao"",""eventLabel"":""lupa:pagina-de-categorias""}}","{""client_id"":""[[identificador-unico-usuario]]"",""session_id"":""[[identificador-unico-sessao]]"",""events"":[{""name"":""interaction_explorar"",""params"":{""cd_interaction_detail"":""click:button-lupa:pagina-de-categorias""}}]}"
"Inicio","Busca","remover","remover","Interacao em search","{""event"":{""eventCategory"":""app-rev:busca"",""eventAction"":""icon:botao"",""eventLabel"":""adicionar-item:$product""}}",""
"Inicio","Busca","migrar","migrar","Interacao em search","{""event"":{""eventCategory"":""app-rev:busca"",""eventAction"":""clique:botao"",""eventLabel"":""total-a-pagar""}}","{""client_id"":""[[identificador-unico-usuario]]"",""session_id"":""[[identificador-unico-sessao]]"",""events"":[{""name"":""interaction_explorar"",""params"":{""cd_interaction_detail"":""click:button-total-a-pagar""}}]}"
"Inicio","Busca","migrar","migrar","Interacao em search","{""event"":{""eventCategory"":""remindMeFlowEventCategory(appRev"",""eventAction"":""clique:botao"",""eventLabel"":""adicionar-item:$product""}}","{""client_id"":""[[identificador-unico-usuario]]"",""session_id"":""[[identificador-unico-sessao]]"",""events"":[{""name"":""add_to_cart"",""params"":{""currency"":""BRL"",""item_list_name"":""$itemListName"",""items"":[{""item_id"":""$sku"",""item_name"":""$itemName"",""item_brand"":""$brand"",""price"":""$price"",""quantity"":""$quantity""}],""value"":""$value""}}]}"
"Inicio","Busca","migrar","migrar","Interacao em search","{""event"":{""eventCategory"":""similarProductsFlowEventCategory(appRev"",""eventAction"":""clique:botao"",""eventLabel"":""similarProductsEventLabel(productCode)""}}","{""client_id"":""[[identificador-unico-usuario]]"",""session_id"":""[[identificador-unico-sessao]]"",""events"":[{""name"":""interaction_explorar"",""params"":{""cd_interaction_detail"":""click:button-produtos-similares"",""cd_sku"":""$sku""}}]}"
"Inicio","Busca","migrar","migrar","Interacao em search","{""event"":{""eventCategory"":""app-rev:busca"",""eventAction"":""clique:botao"",""eventLabel"":""$dynamic""}}","{""client_id"":""[[identificador-unico-usuario]]"",""session_id"":""[[identificador-unico-sessao]]"",""events"":[{""name"":""interaction_explorar"",""params"":{""cd_interaction_detail"":""click:button-revisar-pm""}}]}"
"Inicio","Vitrines home e banners","migrar","migrar","Interacao em banners","{""event"":{""eventCategory"":""app-rev:home"",""eventAction"":""error:section-single-banner"",""eventLabel"":""""}}","{""client_id"":""[[identificador-unico-usuario]]"",""session_id"":""[[identificador-unico-sessao]]"",""events"":[{""name"":""interaction_explorar"",""params"":{""cd_interaction_detail"":""click:button-sendevent""}}]}"
"Inicio","Vitrines home e banners","remover","remover","Interacao em banners","{""event"":{""eventCategory"":""app-rev:banners"",""eventAction"":""interacao:scroll"",""eventLabel"":""""}}",""
"Inicio","Vitrines home e banners","migrar","migrar","Interacao em banners","{""eventSelectPromotion"":{""eventCategory"":""app-rev:home"",""eventAction"":"""",""eventLabel"":""""}}","{""client_id"":""[[identificador-unico-usuario]]"",""session_id"":""[[identificador-unico-sessao]]"",""events"":[{""name"":""select_promotion"",""params"":{""creative_name"":""$creativeName"",""creative_slot"":""$creativeSlot"",""promotion_id"":""$promotionId"",""promotion_name"":""$promotionName""}}]}"
"Inicio","Vitrines home e banners","adicionar_pageview","novo","Interacao em banners","","{""client_id"":""[[identificador-unico-usuario]]"",""session_id"":""[[identificador-unico-sessao]]"",""events"":[{""name"":""screen_view"",""params"":{""cd_page_title"":""banner"",""screen_name"":""/app-rev/inicio/banner""}}]}"
"Inicio","Vitrines home e banners","remover","remover","Interacao em section scroll","{""event"":{""eventCategory"":""app-rev:vitrine"",""eventAction"":""interacao:scroll"",""eventLabel"":""${FormatterHelper.toAnalyticsFormat(sectionName)}:$productQtd""}}",""
"Inicio","Landing pages (Prismic)","migrar","migrar","Interacao em section","{""event"":{""eventCategory"":""eventCategory.getShowcaseCategory()"",""eventAction"":""clique:botao"",""eventLabel"":""adicionar-item:$product""}}","{""client_id"":""[[identificador-unico-usuario]]"",""session_id"":""[[identificador-unico-sessao]]"",""events"":[{""name"":""add_to_cart"",""params"":{""currency"":""BRL"",""item_list_name"":""$itemListName"",""items"":[{""item_id"":""$sku"",""item_name"":""$itemName"",""item_brand"":""$brand"",""price"":""$price"",""quantity"":""$quantity""}],""value"":""$value""}}]}"
"Inicio","Landing pages (Prismic)","remover","remover","Interacao em section","{""event"":{""eventCategory"":""eventCategory.getShowcaseCategory()"",""eventAction"":""clique:icone"",""eventLabel"":""adicionar-item:$product""}}",""
"Inicio","Vitrines home e banners","migrar","migrar","Interacao em section","{""event"":{""eventCategory"":""remindMeFlowEventCategory(appRev"",""eventAction"":""clique:botao"",""eventLabel"":""adicionar-item:$product""}}","{""client_id"":""[[identificador-unico-usuario]]"",""session_id"":""[[identificador-unico-sessao]]"",""events"":[{""name"":""add_to_cart"",""params"":{""currency"":""BRL"",""item_list_name"":""$itemListName"",""items"":[{""item_id"":""$sku"",""item_name"":""$itemName"",""item_brand"":""$brand"",""price"":""$price"",""quantity"":""$quantity""}],""value"":""$value""}}]}"
"Inicio","Landing pages (Prismic)","remover","remover","Interacao em section","{""event"":{""eventCategory"":""eventCategory.getShowcaseCategory()"",""eventAction"":""clique:botao"",""eventLabel"":""clickRedirectCardEventLabel(""}}",""
"Inicio","Landing pages (Prismic)","remover","remover","Interacao em section","{""event"":{""eventCategory"":""eventCategory.getShowcaseCategory()"",""eventAction"":""interacao:scroll"",""eventLabel"":""scrollSectionProductListEventLabel(""}}",""
"Inicio","Landing pages (Prismic)","migrar","migrar","Interacao em section","{""event"":{""eventCategory"":""eventCategory.getShowcaseCategoryErro()"",""eventAction"":""clique:botao"",""eventLabel"":""$tryAgainLabel:${analyticsFormatter(section)}""}}","{""client_id"":""[[identificador-unico-usuario]]"",""session_id"":""[[identificador-unico-sessao]]"",""events"":[{""name"":""interaction_explorar"",""params"":{""cd_interaction_detail"":""click:button-tryagainlabel:analyticsformattersection""}}]}"
"Inicio","Landing pages (Prismic)","migrar","migrar","Interacao em section","{""event"":{""eventCategory"":""eventCategory.getShowcaseCategoryErro()"",""eventAction"":""interacao:vitrine"",""eventLabel"":""errorMsg""}}","{""client_id"":""[[identificador-unico-usuario]]"",""session_id"":""[[identificador-unico-sessao]]"",""events"":[{""name"":""interaction_explorar"",""params"":{""cd_interaction_detail"":""click:button-errormsg""}}]}"
"Inicio","Vitrines home e banners","migrar","migrar","Interacao em section","{""event"":{""eventCategory"":""$dynamic"",""eventAction"":""clique:botao"",""eventLabel"":""total-a-pagar""}}","{""client_id"":""[[identificador-unico-usuario]]"",""session_id"":""[[identificador-unico-sessao]]"",""events"":[{""name"":""interaction_explorar"",""params"":{""cd_interaction_detail"":""click:button-total-a-pagar""}}]}"
"Inicio","Landing pages (Prismic)","migrar","migrar","Interacao em section","{""event"":{""eventCategory"":""eventCategory.getShowcaseCategory()"",""eventAction"":""clique:botao"",""eventLabel"":""pesquisar-produtos""}}","{""client_id"":""[[identificador-unico-usuario]]"",""session_id"":""[[identificador-unico-sessao]]"",""events"":[{""name"":""interaction_explorar"",""params"":{""cd_interaction_detail"":""click:button-pesquisar-produtos""}}]}"
"Inicio","Vitrines home e banners","migrar","migrar","Interacao em section","{""event"":{""eventCategory"":""app-rev:${analyticsFormatter(origin)}"",""eventAction"":""clique:botao"",""eventLabel"":""ShareProductAnalyticsConstants.shareProductEventLabel""}}","{""client_id"":""[[identificador-unico-usuario]]"",""session_id"":""[[identificador-unico-sessao]]"",""events"":[{""name"":""interaction_explorar"",""params"":{""cd_interaction_detail"":""share:share-button-compartilhar-produto"",""cd_sku"":""$sku""}}]}"
"Inicio","Vitrines home e banners","adicionar_pageview","novo","Interacao em section","","{""client_id"":""[[identificador-unico-usuario]]"",""session_id"":""[[identificador-unico-sessao]]"",""events"":[{""name"":""screen_view"",""params"":{""cd_page_title"":""secao"",""screen_name"":""/app-rev/inicio/secao""}}]}"
"Inicio","PDP (detalhe do produto)","migrar","migrar","Interacao em stock status","{""view_stock_status"":{""eventCategory"":"""",""eventAction"":"""",""eventLabel"":""""}}","{""client_id"":""[[identificador-unico-usuario]]"",""session_id"":""[[identificador-unico-sessao]]"",""events"":[{""name"":""interaction_explorar"",""params"":{""cd_interaction_detail"":""click:button-setviewstockstatus""}}]}"
"Inicio","Lista de produtos (PLP)","migrar","migrar","Interacao em products list component","{""event"":{""eventCategory"":""eventCategory(pageTittle)"",""eventAction"":""clique:botao"",""eventLabel"":""adicionar-item:$product""}}","{""client_id"":""[[identificador-unico-usuario]]"",""session_id"":""[[identificador-unico-sessao]]"",""events"":[{""name"":""add_to_cart"",""params"":{""currency"":""BRL"",""item_list_name"":""$itemListName"",""items"":[{""item_id"":""$sku"",""item_name"":""$itemName"",""item_brand"":""$brand"",""price"":""$price"",""quantity"":""$quantity""}],""value"":""$value""}}]}"
"Inicio","Lista de produtos (PLP)","remover","remover","Interacao em products list component","{""event"":{""eventCategory"":""eventCategory(pageTittle)"",""eventAction"":""clique:icone"",""eventLabel"":""adicionar-item:$product""}}",""
"Inicio","PDP (detalhe do produto)","migrar","migrar","Interacao em product details","{""event"":{""eventCategory"":""app-rev:pdp"",""eventAction"":""clique:dropdown"",""eventLabel"":""$dynamic""}}","{""client_id"":""[[identificador-unico-usuario]]"",""session_id"":""[[identificador-unico-sessao]]"",""events"":[{""name"":""interaction_explorar"",""params"":{""cd_interaction_detail"":""click:button-revisar-pm""}}]}"
"Inicio","PDP (detalhe do produto)","migrar","migrar","Interacao em product details","{""event"":{""eventCategory"":""similarProductsButtonPressedEventCategory("",""eventAction"":""clique:botao"",""eventLabel"":""adicionar-item:$product""}}","{""client_id"":""[[identificador-unico-usuario]]"",""session_id"":""[[identificador-unico-sessao]]"",""events"":[{""name"":""add_to_cart"",""params"":{""currency"":""BRL"",""item_list_name"":""$itemListName"",""items"":[{""item_id"":""$sku"",""item_name"":""$itemName"",""item_brand"":""$brand"",""price"":""$price"",""quantity"":""$quantity""}],""value"":""$value""}}]}"
"Inicio","Landing pages (Prismic)","migrar","migrar","Interacao em showcase component","{""event"":{""eventCategory"":""eventCategory(pageTittle)"",""eventAction"":""clique:botao"",""eventLabel"":""adicionar-item:$product""}}","{""client_id"":""[[identificador-unico-usuario]]"",""session_id"":""[[identificador-unico-sessao]]"",""events"":[{""name"":""add_to_cart"",""params"":{""currency"":""BRL"",""item_list_name"":""$itemListName"",""items"":[{""item_id"":""$sku"",""item_name"":""$itemName"",""item_brand"":""$brand"",""price"":""$price"",""quantity"":""$quantity""}],""value"":""$value""}}]}"
"Inicio","Landing pages (Prismic)","remover","remover","Interacao em showcase component","{""event"":{""eventCategory"":""eventCategory(pageTittle)"",""eventAction"":""clique:icone"",""eventLabel"":""adicionar-item:$product""}}",""
