navbar,dominio_ct,prioridade,tipo_legado,contexto_legado,acao_legado,evento_legado_json,event_category_legado,event_action_legado,event_label_legado,arquivo_tag,json_novo,status,criterio,interaction_group,cd_interaction_detail,nome_pageview,screen_name_legado,notas
Inicio,Promocoes e ofertas,P0,screen_view,Interacao em exclusive offers,Exibe tela $_appRev/$origin/$_exclusiveOffersScreen,"{""screen_view"":{""screen_name"":""$_appRev/$origin/$_exclusiveOffersScreen""}}",,,,microapps/oraculo/lib/exclusive_offers/presentation/tag/exclusive_offers_tag_impl.dart,"{""client_id"":""[[identificador-unico-usuario]]"",""session_id"":""[[identificador-unico-sessao]]"",""events"":[{""name"":""screen_view"",""params"":{""cd_page_title"":""ofertas-exclusivas"",""screen_name"":""/app-rev/{origin}/categoria/ofertas-exclusivas""}}]}",adicionar_pageview,lacuna_pageview,,,/app-rev/{origin}/categoria/ofertas-exclusivas,,PV com interpolacao no extrator ('$_appRev/$origin/$_exclusiveOffersScreen') - propor /app-rev/{origin}/categoria/ofertas-exclusivas
Inicio,Promocoes e ofertas,P0,ecommerce,Interacao em exclusive offers,ECOM view_item_list (viewItemList),"{""view_item_list"":{""eventCategory"":"""",""eventAction"":""view_item_list"",""eventLabel"":""view_item_list""}}",,view_item_list,view_item_list,microapps/oraculo/lib/exclusive_offers/presentation/tag/exclusive_offers_tag_impl.dart,"{""client_id"":""[[identificador-unico-usuario]]"",""session_id"":""[[identificador-unico-sessao]]"",""events"":[{""name"":""view_item_list"",""params"":{""currency"":""BRL"",""item_list_id"":""$itemListId"",""item_list_name"":""$itemListName"",""items"":[{""item_id"":""$sku"",""item_name"":""$itemName"",""item_brand"":""$brand"",""price"":""$price"",""quantity"":1}]}}]}",manter,essencial_p0,,,,,Ja dispara GA4 view_item_list no codigo - manter contrato ECOM
Inicio,Promocoes e ofertas,P2,interaction,Interacao em exclusive offers,Acao registrada: interacao:scroll / scrollSectionEventLabel( (sectionScroll),"{""event"":{""eventCategory"":""$_appRev:${analyticsFormatter(promotionType)}"",""eventAction"":""interacao:scroll"",""eventLabel"":""scrollSectionEventLabel(""}}",$_appRev:${analyticsFormatter(promotionType)},interacao:scroll,scrollSectionEventLabel(,microapps/oraculo/lib/exclusive_offers/presentation/tag/exclusive_offers_tag_impl.dart,,remover,anti_padrao,interaction_explorar,,,,Scroll de carrossel - anti-padrao
Inicio,Promocoes e ofertas,P2,interaction,Interacao em exclusive offers,Acao registrada: clique:botao / clickRedirectCardEventLabel( (setClickRedirectCard),"{""event"":{""eventCategory"":""$_appRev:${analyticsFormatter(promotionType)}"",""eventAction"":""clique:botao"",""eventLabel"":""clickRedirectCardEventLabel(""}}",$_appRev:${analyticsFormatter(promotionType)},clique:botao,clickRedirectCardEventLabel(,microapps/oraculo/lib/exclusive_offers/presentation/tag/exclusive_offers_tag_impl.dart,,remover,nav_duplicada,interaction_explorar,,,,Clique de navegacao in-app - PV no destino cobre chegada
Inicio,Promocoes e ofertas,P0,ecommerce,Interacao em exclusive offers,Acao registrada: clique:botao / adicionar-item:$product (addItemButtonPressed),"{""event"":{""eventCategory"":""\u0027$_appRev:${categoryAndPromotionType(categoryType"",""eventAction"":""clique:botao"",""eventLabel"":""adicionar-item:$product""}}",'$_appRev:${categoryAndPromotionType(categoryType,clique:botao,adicionar-item:$product,microapps/oraculo/lib/exclusive_offers/presentation/tag/exclusive_offers_tag_impl.dart,"{""client_id"":""[[identificador-unico-usuario]]"",""session_id"":""[[identificador-unico-sessao]]"",""events"":[{""name"":""add_to_cart"",""params"":{""currency"":""BRL"",""item_list_name"":""$itemListName"",""items"":[{""item_id"":""$sku"",""item_name"":""$itemName"",""item_brand"":""$brand"",""price"":""$price"",""quantity"":""$quantity""}],""value"":""$value""}}]}",migrar,essencial_p0,,,,,CTA adicionar na lista/PDP/busca - migrar para add_to_cart (funil de compra)
Inicio,Promocoes e ofertas,P2,interaction,Interacao em exclusive offers,Acao registrada: icon:botao / adicionar-item:$product (increaseItemQuantityButtonPressed),"{""event"":{""eventCategory"":""\u0027$_appRev:${categoryAndPromotionType(categoryType"",""eventAction"":""icon:botao"",""eventLabel"":""adicionar-item:$product""}}",'$_appRev:${categoryAndPromotionType(categoryType,icon:botao,adicionar-item:$product,microapps/oraculo/lib/exclusive_offers/presentation/tag/exclusive_offers_tag_impl.dart,,remover,fundir_pai,interaction_explorar,,,,Granularidade +/- quantidade - fundir no add_to_cart pai
Inicio,Promocoes e ofertas,P2,interaction,Interacao em exclusive offers,Acao registrada: clique:input / quantidade:$quantity (onInputClick),"{""event"":{""eventCategory"":""$_appRev:${FormatterHelper.toAnalyticsFormat(flow)}"",""eventAction"":""clique:input"",""eventLabel"":""quantidade:$quantity""}}",$_appRev:${FormatterHelper.toAnalyticsFormat(flow)},clique:input,quantidade:$quantity,microapps/oraculo/lib/exclusive_offers/presentation/tag/exclusive_offers_tag_impl.dart,,remover,fundir_pai,interaction_explorar,,,,Granularidade +/- quantidade - fundir no add_to_cart pai
Inicio,Promocoes e ofertas,P0,ecommerce,Interacao em extra profit cross,Evento custom interaction_promo_cross,"{""interaction_promo_cross"":{""eventCategory"":"""",""eventAction"":"""",""eventLabel"":""""}}",,,,microapps/oraculo/lib/extra_profit_cross/presentation/tag/extra_profit_cross_tag_impl.dart,"{""client_id"":""[[identificador-unico-usuario]]"",""session_id"":""[[identificador-unico-sessao]]"",""events"":[{""name"":""view_promotion"",""params"":{""creative_name"":""$creativeName"",""creative_slot"":""$creativeSlot"",""promotion_id"":""$promotionId"",""promotion_name"":""$promotionName""}}]}",migrar,essencial_p0,,,,,Criativo no funil de compra - view_promotion
Inicio,Promocoes e ofertas,P0,ecommerce,Interacao em extra profit cross,Evento custom view_promotion,"{""view_promotion"":{""eventCategory"":"""",""eventAction"":"""",""eventLabel"":""""}}",,,,microapps/oraculo/lib/extra_profit_cross/presentation/tag/extra_profit_cross_tag_impl.dart,"{""client_id"":""[[identificador-unico-usuario]]"",""session_id"":""[[identificador-unico-sessao]]"",""events"":[{""name"":""view_promotion"",""params"":{""creative_name"":""$creativeName"",""creative_slot"":""$creativeSlot"",""promotion_id"":""$promotionId"",""promotion_name"":""$promotionName""}}]}",manter,essencial_p0,,,,,Ja dispara GA4 view_promotion no codigo - manter contrato ECOM
Inicio,Promocoes e ofertas,P0,ecommerce,Interacao em extra profit cross,ECOM view_item_list (viewItemListRequirementShowcase),"{""view_item_list"":{""eventCategory"":"""",""eventAction"":""view_item_list"",""eventLabel"":""view_item_list""}}",,view_item_list,view_item_list,microapps/oraculo/lib/extra_profit_cross/presentation/tag/extra_profit_cross_tag_impl.dart,"{""client_id"":""[[identificador-unico-usuario]]"",""session_id"":""[[identificador-unico-sessao]]"",""events"":[{""name"":""view_item_list"",""params"":{""currency"":""BRL"",""item_list_id"":""$itemListId"",""item_list_name"":""$itemListName"",""items"":[{""item_id"":""$sku"",""item_name"":""$itemName"",""item_brand"":""$brand"",""price"":""$price"",""quantity"":1}]}}]}",manter,essencial_p0,,,,,Ja dispara GA4 view_item_list no codigo - manter contrato ECOM
Inicio,Lista de produtos (PLP),P1,interaction,Interacao em order,Acao registrada: clique:botao / ordenar (tagClickOrderButton),"{""event"":{""eventCategory"":""orderButtonEventCategory(screen)"",""eventAction"":""clique:botao"",""eventLabel"":""ordenar""}}",orderButtonEventCategory(screen),clique:botao,ordenar,microapps/oraculo/lib/order_by/tags/order_tag_impl.dart,"{""client_id"":""[[identificador-unico-usuario]]"",""session_id"":""[[identificador-unico-sessao]]"",""events"":[{""name"":""interaction_explorar"",""params"":{""cd_interaction_detail"":""click:button-ordenar""}}]}",migrar,essencial_p1,interaction_explorar,click:button-ordenar,,,Ordenacao da PLP
Inicio,Lista de produtos (PLP),P1,interaction,Interacao em order,Acao registrada: clique:botao / limpar-ordenacao (tagClearOrder),"{""event"":{""eventCategory"":""orderEventCategory(screen)"",""eventAction"":""clique:botao"",""eventLabel"":""limpar-ordenacao""}}",orderEventCategory(screen),clique:botao,limpar-ordenacao,microapps/oraculo/lib/order_by/tags/order_tag_impl.dart,"{""client_id"":""[[identificador-unico-usuario]]"",""session_id"":""[[identificador-unico-sessao]]"",""events"":[{""name"":""interaction_explorar"",""params"":{""cd_interaction_detail"":""click:button-limpar-ordenacao""}}]}",migrar,essencial_p1,interaction_explorar,click:button-limpar-ordenacao,,,Ordenacao da PLP
Inicio,Lista de produtos (PLP),P0,screen_view,Interacao em order,Exibe tela orderBottomSheetScreen(screen,"{""screen_view"":{""screen_name"":""orderBottomSheetScreen(screen""}}",,,,microapps/oraculo/lib/order_by/tags/order_tag_impl.dart,"{""client_id"":""[[identificador-unico-usuario]]"",""session_id"":""[[identificador-unico-sessao]]"",""events"":[{""name"":""screen_view"",""params"":{""cd_page_title"":""ordenar"",""screen_name"":""/app-rev/lista/ordenar""}}]}",adicionar_pageview,lacuna_pageview,,,/app-rev/lista/ordenar,,PV com interpolacao no extrator ('orderBottomSheetScreen(screen') - propor /app-rev/lista/ordenar
Inicio,PDP (detalhe do produto),P0,screen_view,Interacao em remind me,Exibe tela $remindMeScreen$name,"{""screen_view"":{""screen_name"":""$remindMeScreen$name""}}",,,,microapps/oraculo/lib/presentation/remind_me/tag/remind_me_tag_impl.dart,"{""client_id"":""[[identificador-unico-usuario]]"",""session_id"":""[[identificador-unico-sessao]]"",""events"":[{""name"":""screen_view"",""params"":{""cd_page_title"":""{flow}"",""screen_name"":""/app-rev/avise-me/{flow}""}}]}",adicionar_pageview,lacuna_pageview,,,/app-rev/avise-me/{flow},,PV com interpolacao no extrator ('$remindMeScreen$name') - propor /app-rev/avise-me/{flow}
Inicio,Busca,P0,screen_view,Interacao em search category,Exibe tela /app-rev/busca/categoria,"{""screen_view"":{""screen_name"":""/app-rev/busca/categoria""}}",,,,microapps/oraculo/lib/presentation/search/pages/category/tag/search_category_tag_impl.dart,"{""client_id"":""[[identificador-unico-usuario]]"",""session_id"":""[[identificador-unico-sessao]]"",""events"":[{""name"":""screen_view"",""params"":{""cd_page_title"":""categoria"",""screen_name"":""/app-rev/busca/categoria""}}]}",manter,pageview_ok,,,/app-rev/busca/categoria,/app-rev/busca/categoria,Pageview existente - manter
Inicio,Favoritos,P0,ecommerce,Interacao em favorites,Evento custom add_to_wishlist,"{""add_to_wishlist"":{""eventCategory"":"""",""eventAction"":"""",""eventLabel"":""""}}",,,,microapps/oraculo/lib/presentation/search/pages/favorites_list/tags/favorites_tag_impl.dart,"{""client_id"":""[[identificador-unico-usuario]]"",""session_id"":""[[identificador-unico-sessao]]"",""events"":[{""name"":""add_to_wishlist"",""params"":{""currency"":""BRL"",""item_list_name"":""$itemListName"",""items"":[{""item_id"":""$sku"",""item_name"":""$itemName"",""item_brand"":""$brand"",""price"":""$price"",""quantity"":1}],""value"":""$value""}}]}",manter,essencial_p0,,,,,Ja dispara GA4 add_to_wishlist no codigo - manter contrato ECOM
Inicio,Favoritos,P0,ecommerce,Interacao em favorites,Evento custom remove_from_wishlist,"{""remove_from_wishlist"":{""eventCategory"":"""",""eventAction"":"""",""eventLabel"":""""}}",,,,microapps/oraculo/lib/presentation/search/pages/favorites_list/tags/favorites_tag_impl.dart,"{""client_id"":""[[identificador-unico-usuario]]"",""session_id"":""[[identificador-unico-sessao]]"",""events"":[{""name"":""remove_from_wishlist"",""params"":{""currency"":""BRL"",""item_list_name"":""$itemListName"",""items"":[{""item_id"":""$sku"",""item_name"":""$itemName"",""item_brand"":""$brand"",""price"":""$price"",""quantity"":1}],""value"":""$value""}}]}",manter,essencial_p0,,,,,Ja dispara GA4 remove_from_wishlist no codigo - manter contrato ECOM
Inicio,Favoritos,P0,screen_view,Interacao em favorites,Exibe tela screenName as String,"{""screen_view"":{""screen_name"":""screenName as String""}}",,,,microapps/oraculo/lib/presentation/search/pages/favorites_list/tags/favorites_tag_impl.dart,"{""client_id"":""[[identificador-unico-usuario]]"",""session_id"":""[[identificador-unico-sessao]]"",""events"":[{""name"":""screen_view"",""params"":{""cd_page_title"":""favoritos"",""screen_name"":""/app-rev/busca/favoritos""}}]}",adicionar_pageview,lacuna_pageview,,,/app-rev/busca/favoritos,,PV com interpolacao no extrator ('screenName as String') - propor /app-rev/busca/favoritos
Inicio,Busca,P0,ecommerce,Interacao em section in search,Acao registrada: clique:botao / adicionar-item:$product (addItemButtonPressed),"{""event"":{""eventCategory"":""app-rev:vitrine-recomendacao-vdf-busca"",""eventAction"":""clique:botao"",""eventLabel"":""adicionar-item:$product""}}",app-rev:vitrine-recomendacao-vdf-busca,clique:botao,adicionar-item:$product,microapps/oraculo/lib/presentation/search/pages/recommendation/tag/section_in_search_tag_impl.dart,"{""client_id"":""[[identificador-unico-usuario]]"",""session_id"":""[[identificador-unico-sessao]]"",""events"":[{""name"":""add_to_cart"",""params"":{""currency"":""BRL"",""item_list_name"":""$itemListName"",""items"":[{""item_id"":""$sku"",""item_name"":""$itemName"",""item_brand"":""$brand"",""price"":""$price"",""quantity"":""$quantity""}],""value"":""$value""}}]}",migrar,essencial_p0,,,,,CTA adicionar na lista/PDP/busca - migrar para add_to_cart (funil de compra)
Inicio,Busca,P2,interaction,Interacao em section in search,Acao registrada: clique:icone / adicionar-item:$product (decreaseItemQuantityButtonPressed),"{""event"":{""eventCategory"":""app-rev:vitrine-recomendacao-vdf-busca"",""eventAction"":""clique:icone"",""eventLabel"":""adicionar-item:$product""}}",app-rev:vitrine-recomendacao-vdf-busca,clique:icone,adicionar-item:$product,microapps/oraculo/lib/presentation/search/pages/recommendation/tag/section_in_search_tag_impl.dart,,remover,fundir_pai,interaction_explorar,,,,Granularidade +/- quantidade - fundir no add_to_cart pai
Inicio,Busca,P2,interaction,Interacao em section in search,Acao registrada: clique:botao / clickRedirectCardEventLabel( (setClickRedirectCard),"{""event"":{""eventCategory"":""app-rev:vitrine-recomendacao-vdf-busca"",""eventAction"":""clique:botao"",""eventLabel"":""clickRedirectCardEventLabel(""}}",app-rev:vitrine-recomendacao-vdf-busca,clique:botao,clickRedirectCardEventLabel(,microapps/oraculo/lib/presentation/search/pages/recommendation/tag/section_in_search_tag_impl.dart,,remover,nav_duplicada,interaction_explorar,,,,Clique de navegacao in-app - PV no destino cobre chegada
Inicio,Busca,P2,interaction,Interacao em section in search,Acao registrada: interacao:scroll / scrollSectionEventLabel( (sectionScroll),"{""event"":{""eventCategory"":""app-rev:vitrine-recomendacao-vdf-busca"",""eventAction"":""interacao:scroll"",""eventLabel"":""scrollSectionEventLabel(""}}",app-rev:vitrine-recomendacao-vdf-busca,interacao:scroll,scrollSectionEventLabel(,microapps/oraculo/lib/presentation/search/pages/recommendation/tag/section_in_search_tag_impl.dart,,remover,anti_padrao,interaction_explorar,,,,Scroll de carrossel - anti-padrao
Inicio,Busca,P0,ecommerce,Interacao em section in search,Acao registrada: clique:botao / adicionar-item:$product (remindMePressed),"{""event"":{""eventCategory"":""remindMeFlowEventCategory(appRev"",""eventAction"":""clique:botao"",""eventLabel"":""adicionar-item:$product""}}",remindMeFlowEventCategory(appRev,clique:botao,adicionar-item:$product,microapps/oraculo/lib/presentation/search/pages/recommendation/tag/section_in_search_tag_impl.dart,"{""client_id"":""[[identificador-unico-usuario]]"",""session_id"":""[[identificador-unico-sessao]]"",""events"":[{""name"":""add_to_cart"",""params"":{""currency"":""BRL"",""item_list_name"":""$itemListName"",""items"":[{""item_id"":""$sku"",""item_name"":""$itemName"",""item_brand"":""$brand"",""price"":""$price"",""quantity"":""$quantity""}],""value"":""$value""}}]}",migrar,essencial_p0,,,,,CTA adicionar na lista/PDP/busca - migrar para add_to_cart (funil de compra)
Inicio,Busca,P1,interaction,Interacao em filter search,Acao registrada:  / aplicar:$filters,"{""event"":{""eventCategory"":""app-rev:busca:modal:filtrar"",""eventAction"":"""",""eventLabel"":""aplicar:$filters""}}",app-rev:busca:modal:filtrar,,aplicar:$filters,microapps/oraculo/lib/presentation/search/tag/filter_search_tag_impl.dart,"{""client_id"":""[[identificador-unico-usuario]]"",""session_id"":""[[identificador-unico-sessao]]"",""events"":[{""name"":""interaction_explorar"",""params"":{""cd_interaction_detail"":""click:filter-aplicar""}}]}",migrar,essencial_p1,interaction_explorar,click:filter-aplicar,,,Filtro da busca
Inicio,Busca,P1,interaction,Interacao em filter search,Acao registrada:  / $labelPrefix$labelSuffix,"{""event"":{""eventCategory"":""app-rev:busca:modal:filtrar"",""eventAction"":"""",""eventLabel"":""$labelPrefix$labelSuffix""}}",app-rev:busca:modal:filtrar,,$labelPrefix$labelSuffix,microapps/oraculo/lib/presentation/search/tag/filter_search_tag_impl.dart,"{""client_id"":""[[identificador-unico-usuario]]"",""session_id"":""[[identificador-unico-sessao]]"",""events"":[{""name"":""interaction_explorar"",""params"":{""cd_interaction_detail"":""click:button-labelprefixlabelsuffix""}}]}",migrar,essencial_p1,interaction_explorar,click:button-labelprefixlabelsuffix,,,Interacao da jornada - migrar para interaction_explorar
Inicio,Busca,P2,interaction,Interacao em filter tutorial,"Toca no botao identificado como ""componentes-filtro-busca""","{""event"":{""eventCategory"":""app-rev:busca"",""eventAction"":""clique:botao"",""eventLabel"":""componentes-filtro-busca""}}",app-rev:busca,clique:botao,componentes-filtro-busca,microapps/oraculo/lib/presentation/search/tag/filter_tutorial_tag_impl.dart,,remover,anti_padrao,interaction_explorar,,,,Tutorial/coachmark - anti-padrao
Inicio,Busca,P2,interaction,Interacao em filter tutorial,"Toca no botao identificado como ""finalizar-coachmark-filtro-busca""","{""event"":{""eventCategory"":""app-rev:busca"",""eventAction"":""clique:botao"",""eventLabel"":""finalizar-coachmark-filtro-busca""}}",app-rev:busca,clique:botao,finalizar-coachmark-filtro-busca,microapps/oraculo/lib/presentation/search/tag/filter_tutorial_tag_impl.dart,,remover,anti_padrao,interaction_explorar,,,,Tutorial/coachmark - anti-padrao
Inicio,Busca,P0,ecommerce,Interacao em medium card search,"Toca no botao identificado como ""$_addToCartPrefix:$variant""","{""event"":{""eventCategory"":"""",""eventAction"":""clique:botao"",""eventLabel"":""$_addToCartPrefix:$variant""}}",,clique:botao,$_addToCartPrefix:$variant,microapps/oraculo/lib/presentation/search/tag/medium_card_search_tag.dart,"{""client_id"":""[[identificador-unico-usuario]]"",""session_id"":""[[identificador-unico-sessao]]"",""events"":[{""name"":""add_to_cart"",""params"":{""currency"":""BRL"",""item_list_name"":""$itemListName"",""items"":[{""item_id"":""$sku"",""item_name"":""$itemName"",""item_brand"":""$brand"",""price"":""$price"",""quantity"":""$quantity""}],""value"":""$value""}}]}",migrar,essencial_p0,,,,,CTA adicionar na lista/PDP/busca - migrar para add_to_cart (funil de compra)
Inicio,Busca,P1,interaction,Interacao em medium card search,"Toca no botao identificado como ""ver-similares""","{""event"":{""eventCategory"":"""",""eventAction"":""clique:botao"",""eventLabel"":""ver-similares""}}",,clique:botao,ver-similares,microapps/oraculo/lib/presentation/search/tag/medium_card_search_tag.dart,"{""client_id"":""[[identificador-unico-usuario]]"",""session_id"":""[[identificador-unico-sessao]]"",""events"":[{""name"":""interaction_explorar"",""params"":{""cd_interaction_detail"":""click:button-produtos-similares"",""cd_sku"":""$sku""}}]}",migrar,essencial_p1,interaction_explorar,click:button-produtos-similares,,,Produtos semelhantes na PDP/busca
Inicio,Busca,P1,interaction,Interacao em medium card search,"Visualiza componente ""card-medium-horizontal""","{""event"":{""eventCategory"":"""",""eventAction"":""view:componente"",""eventLabel"":""card-medium-horizontal""}}",,view:componente,card-medium-horizontal,microapps/oraculo/lib/presentation/search/tag/medium_card_search_tag.dart,"{""client_id"":""[[identificador-unico-usuario]]"",""session_id"":""[[identificador-unico-sessao]]"",""events"":[{""name"":""interaction_explorar"",""params"":{""cd_interaction_detail"":""click:button-card-medium-horizontal""}}]}",migrar,essencial_p1,interaction_explorar,click:button-card-medium-horizontal,,,Interacao da jornada - migrar para interaction_explorar
Inicio,Busca,P0,ecommerce,Interacao em search,ECOM view_item_list (tagViewItemList),"{""view_item_list"":{""eventCategory"":"""",""eventAction"":""view_item_list"",""eventLabel"":""view_item_list""}}",,view_item_list,view_item_list,microapps/oraculo/lib/presentation/search/tag/search_tag_impl.dart,"{""client_id"":""[[identificador-unico-usuario]]"",""session_id"":""[[identificador-unico-sessao]]"",""events"":[{""name"":""view_item_list"",""params"":{""currency"":""BRL"",""item_list_id"":""$itemListId"",""item_list_name"":""$itemListName"",""items"":[{""item_id"":""$sku"",""item_name"":""$itemName"",""item_brand"":""$brand"",""price"":""$price"",""quantity"":1}]}}]}",manter,essencial_p0,,,,,Ja dispara GA4 view_item_list no codigo - manter contrato ECOM
Inicio,Busca,P0,ecommerce,Interacao em search,ECOM select_item (tagSearchHistoryListTilePressed),"{""select_item"":{""eventCategory"":"""",""eventAction"":""select_item"",""eventLabel"":""select_item""}}",,select_item,select_item,microapps/oraculo/lib/presentation/search/tag/search_tag_impl.dart,"{""client_id"":""[[identificador-unico-usuario]]"",""session_id"":""[[identificador-unico-sessao]]"",""events"":[{""name"":""select_item"",""params"":{""item_list_id"":""$itemListId"",""item_list_name"":""$itemListName"",""items"":[{""item_id"":""$sku"",""item_name"":""$itemName"",""item_brand"":""$brand"",""price"":""$price"",""quantity"":1}]}}]}",manter,essencial_p0,,,,,Ja dispara GA4 select_item no codigo - manter contrato ECOM
Inicio,Busca,P0,ecommerce,Interacao em search,Acao registrada: interacao:busque-por-codigo-ou-nome / term (tagRequest),"{""event"":{""eventCategory"":""app-rev:busca"",""eventAction"":""interacao:busque-por-codigo-ou-nome"",""eventLabel"":""term""}}",app-rev:busca,interacao:busque-por-codigo-ou-nome,term,microapps/oraculo/lib/presentation/search/tag/search_tag_impl.dart,"{""client_id"":""[[identificador-unico-usuario]]"",""session_id"":""[[identificador-unico-sessao]]"",""events"":[{""name"":""search"",""params"":{""search_term"":""$searchTerm""}}]}",migrar,essencial_p0,,,,,Termo digitado - migrar para search + search_term
Inicio,Busca,P0,callback,Interacao em search,Acao registrada: lupa:callback / $error:$normalizedError:$normalizedTerm$flowText (tagResponseError),"{""event"":{""eventCategory"":""app-rev:busca"",""eventAction"":""lupa:callback"",""eventLabel"":""$error:$normalizedError:$normalizedTerm$flowText""}}",app-rev:busca,lupa:callback,$error:$normalizedError:$normalizedTerm$flowText,microapps/oraculo/lib/presentation/search/tag/search_tag_impl.dart,"{""client_id"":""[[identificador-unico-usuario]]"",""session_id"":""[[identificador-unico-sessao]]"",""events"":[{""name"":""callback_busca_search_error"",""params"":{""cd_error_message"":""search-failed"",""search_term"":""$searchTerm""}}]}",migrar,essencial_p0,,,,,Callback da lupa - padronizar success/error
Inicio,Busca,P0,ecommerce,Interacao em search,Acao registrada: clique:botao / adicionar-item:$product (tagAddItemButtonPressed),"{""event"":{""eventCategory"":""app-rev:busca"",""eventAction"":""clique:botao"",""eventLabel"":""adicionar-item:$product""}}",app-rev:busca,clique:botao,adicionar-item:$product,microapps/oraculo/lib/presentation/search/tag/search_tag_impl.dart,"{""client_id"":""[[identificador-unico-usuario]]"",""session_id"":""[[identificador-unico-sessao]]"",""events"":[{""name"":""add_to_cart"",""params"":{""currency"":""BRL"",""item_list_name"":""$itemListName"",""items"":[{""item_id"":""$sku"",""item_name"":""$itemName"",""item_brand"":""$brand"",""price"":""$price"",""quantity"":""$quantity""}],""value"":""$value""}}]}",migrar,essencial_p0,,,,,CTA adicionar na lista/PDP/busca - migrar para add_to_cart (funil de compra)
Inicio,Busca,P1,interaction,Interacao em search,Acao registrada: clique:botao / lupa:pagina-de-categorias (tagSearchPageButton),"{""event"":{""eventCategory"":""app-rev:busca"",""eventAction"":""clique:botao"",""eventLabel"":""lupa:pagina-de-categorias""}}",app-rev:busca,clique:botao,lupa:pagina-de-categorias,microapps/oraculo/lib/presentation/search/tag/search_tag_impl.dart,"{""client_id"":""[[identificador-unico-usuario]]"",""session_id"":""[[identificador-unico-sessao]]"",""events"":[{""name"":""interaction_explorar"",""params"":{""cd_interaction_detail"":""click:button-lupa:pagina-de-categorias""}}]}",migrar,essencial_p1,interaction_explorar,click:button-lupa:pagina-de-categorias,,,Interacao da jornada - migrar para interaction_explorar
Inicio,Busca,P2,interaction,Interacao em search,Acao registrada: icon:botao / adicionar-item:$product (tagDecreaseItemQuantityButtonPressed),"{""event"":{""eventCategory"":""app-rev:busca"",""eventAction"":""icon:botao"",""eventLabel"":""adicionar-item:$product""}}",app-rev:busca,icon:botao,adicionar-item:$product,microapps/oraculo/lib/presentation/search/tag/search_tag_impl.dart,,remover,fundir_pai,interaction_explorar,,,,Granularidade +/- quantidade - fundir no add_to_cart pai
Inicio,Busca,P1,interaction,Interacao em search,Acao registrada: clique:botao / total-a-pagar (tagTotalAmountButtonPressed),"{""event"":{""eventCategory"":""app-rev:busca"",""eventAction"":""clique:botao"",""eventLabel"":""total-a-pagar""}}",app-rev:busca,clique:botao,total-a-pagar,microapps/oraculo/lib/presentation/search/tag/search_tag_impl.dart,"{""client_id"":""[[identificador-unico-usuario]]"",""session_id"":""[[identificador-unico-sessao]]"",""events"":[{""name"":""interaction_explorar"",""params"":{""cd_interaction_detail"":""click:button-total-a-pagar""}}]}",migrar,essencial_p1,interaction_explorar,click:button-total-a-pagar,,,Interacao da jornada - migrar para interaction_explorar
Inicio,Busca,P0,ecommerce,Interacao em search,Acao registrada: clique:botao / adicionar-item:$product (tagRemindMePressed),"{""event"":{""eventCategory"":""remindMeFlowEventCategory(appRev"",""eventAction"":""clique:botao"",""eventLabel"":""adicionar-item:$product""}}",remindMeFlowEventCategory(appRev,clique:botao,adicionar-item:$product,microapps/oraculo/lib/presentation/search/tag/search_tag_impl.dart,"{""client_id"":""[[identificador-unico-usuario]]"",""session_id"":""[[identificador-unico-sessao]]"",""events"":[{""name"":""add_to_cart"",""params"":{""currency"":""BRL"",""item_list_name"":""$itemListName"",""items"":[{""item_id"":""$sku"",""item_name"":""$itemName"",""item_brand"":""$brand"",""price"":""$price"",""quantity"":""$quantity""}],""value"":""$value""}}]}",migrar,essencial_p0,,,,,CTA adicionar na lista/PDP/busca - migrar para add_to_cart (funil de compra)
Inicio,Busca,P1,interaction,Interacao em search,Evento custom interaction_buscas_recentes (tagRemoveSearchHistoryListTilePressed),"{""interaction_buscas_recentes"":{""eventCategory"":"""",""eventAction"":"""",""eventLabel"":""""}}",,,,microapps/oraculo/lib/presentation/search/tag/search_tag_impl.dart,"{""client_id"":""[[identificador-unico-usuario]]"",""session_id"":""[[identificador-unico-sessao]]"",""events"":[{""name"":""interaction_buscas_recentes"",""params"":{""cd_interaction_detail"":""click:chip-busca-recente""}}]}",manter,essencial_p1,interaction_buscas_recentes,,,,Ja no formato interaction_*
Inicio,Busca,P1,callback,Interacao em search,Evento custom callback_excluir_buscas_recentes_sucesso (tagClearSearchHistorySuccess),"{""callback_excluir_buscas_recentes_sucesso"":{""eventCategory"":"""",""eventAction"":"""",""eventLabel"":""""}}",,,,microapps/oraculo/lib/presentation/search/tag/search_tag_impl.dart,"{""client_id"":""[[identificador-unico-usuario]]"",""session_id"":""[[identificador-unico-sessao]]"",""events"":[{""name"":""callback_excluir_buscas_recentes_sucesso"",""params"":{}}]}",manter,essencial_p1,,,,,Callback ja no formato novo
Inicio,Busca,P1,callback,Interacao em search,Evento custom callback_excluir_buscas_recentes_erro (tagClearSearchHistoryError),"{""callback_excluir_buscas_recentes_erro"":{""eventCategory"":"""",""eventAction"":"""",""eventLabel"":""""}}",,,,microapps/oraculo/lib/presentation/search/tag/search_tag_impl.dart,"{""client_id"":""[[identificador-unico-usuario]]"",""session_id"":""[[identificador-unico-sessao]]"",""events"":[{""name"":""callback_excluir_buscas_recentes_erro"",""params"":{""cd_error_message"":""$error""}}]}",manter,essencial_p1,,,,,Callback ja no formato novo
Inicio,Busca,P1,interaction,Interacao em search,Acao registrada: clique:botao / similarProductsEventLabel(productCode) (tagSimilarProductsPressed),"{""event"":{""eventCategory"":""similarProductsFlowEventCategory(appRev"",""eventAction"":""clique:botao"",""eventLabel"":""similarProductsEventLabel(productCode)""}}",similarProductsFlowEventCategory(appRev,clique:botao,similarProductsEventLabel(productCode),microapps/oraculo/lib/presentation/search/tag/search_tag_impl.dart,"{""client_id"":""[[identificador-unico-usuario]]"",""session_id"":""[[identificador-unico-sessao]]"",""events"":[{""name"":""interaction_explorar"",""params"":{""cd_interaction_detail"":""click:button-produtos-similares"",""cd_sku"":""$sku""}}]}",migrar,essencial_p1,interaction_explorar,click:button-produtos-similares,,,Produtos semelhantes na PDP/busca
Inicio,Busca,P1,interaction,Interacao em search,Acao registrada: clique:botao / $dynamic (tagCategoryPickerCategorySelected),"{""event"":{""eventCategory"":""app-rev:busca"",""eventAction"":""clique:botao"",""eventLabel"":""$dynamic""}}",app-rev:busca,clique:botao,$dynamic,microapps/oraculo/lib/presentation/search/tag/search_tag_impl.dart,"{""client_id"":""[[identificador-unico-usuario]]"",""session_id"":""[[identificador-unico-sessao]]"",""events"":[{""name"":""interaction_explorar"",""params"":{""cd_interaction_detail"":""click:button-revisar-pm""}}]}",migrar,essencial_p1,interaction_explorar,click:button-revisar-pm,,,Interacao da jornada - migrar para interaction_explorar
Inicio,Busca,P0,screen_view,Interacao em search,Exibe tela /app-rev/busca,"{""screen_view"":{""screen_name"":""/app-rev/busca""}}",,,,microapps/oraculo/lib/presentation/search/tag/search_tag_impl.dart,"{""client_id"":""[[identificador-unico-usuario]]"",""session_id"":""[[identificador-unico-sessao]]"",""events"":[{""name"":""screen_view"",""params"":{""cd_page_title"":""busca"",""screen_name"":""/app-rev/busca""}}]}",manter,pageview_ok,,,/app-rev/busca,/app-rev/busca,Pageview existente - manter
Inicio,Busca,P0,screen_view,Interacao em search,Exibe tela /app-rev/busca/excluir,"{""screen_view"":{""screen_name"":""/app-rev/busca/excluir""}}",,,,microapps/oraculo/lib/presentation/search/tag/search_tag_impl.dart,"{""client_id"":""[[identificador-unico-usuario]]"",""session_id"":""[[identificador-unico-sessao]]"",""events"":[{""name"":""screen_view"",""params"":{""cd_page_title"":""excluir"",""screen_name"":""/app-rev/busca/excluir""}}]}",manter,pageview_ok,,,/app-rev/busca/excluir,/app-rev/busca/excluir,Pageview existente - manter
Inicio,Vitrines home e banners,P1,interaction,Interacao em banners,Acao registrada: error:section-single-banner / ,"{""event"":{""eventCategory"":""app-rev:home"",""eventAction"":""error:section-single-banner"",""eventLabel"":""""}}",app-rev:home,error:section-single-banner,,microapps/oraculo/lib/presentation/sections/tag/banners_tag_impl.dart,"{""client_id"":""[[identificador-unico-usuario]]"",""session_id"":""[[identificador-unico-sessao]]"",""events"":[{""name"":""interaction_explorar"",""params"":{""cd_interaction_detail"":""click:button-sendevent""}}]}",migrar,essencial_p1,interaction_explorar,click:button-sendevent,,,Interacao da jornada - migrar para interaction_explorar
Inicio,Vitrines home e banners,P2,interaction,Interacao em banners,Acao registrada: interacao:scroll / ,"{""event"":{""eventCategory"":""app-rev:banners"",""eventAction"":""interacao:scroll"",""eventLabel"":""""}}",app-rev:banners,interacao:scroll,,microapps/oraculo/lib/presentation/sections/tag/banners_tag_impl.dart,,remover,anti_padrao,interaction_explorar,,,,Scroll de carrossel - anti-padrao
Inicio,Vitrines home e banners,P0,ecommerce,Interacao em banners,Evento custom view_promotion,"{""view_promotion"":{""eventCategory"":""app-rev:home"",""eventAction"":"""",""eventLabel"":""""}}",app-rev:home,,,microapps/oraculo/lib/presentation/sections/tag/banners_tag_impl.dart,"{""client_id"":""[[identificador-unico-usuario]]"",""session_id"":""[[identificador-unico-sessao]]"",""events"":[{""name"":""view_promotion"",""params"":{""creative_name"":""$creativeName"",""creative_slot"":""$creativeSlot"",""promotion_id"":""$promotionId"",""promotion_name"":""$promotionName""}}]}",manter,essencial_p0,,,,,Ja dispara GA4 view_promotion no codigo - manter contrato ECOM
Inicio,Vitrines home e banners,P0,ecommerce,Interacao em banners,ECOM view_item_list (singleBannerPressed),"{""view_item_list"":{""eventCategory"":""app-rev:home"",""eventAction"":""view_item_list"",""eventLabel"":""view_item_list""}}",app-rev:home,view_item_list,view_item_list,microapps/oraculo/lib/presentation/sections/tag/banners_tag_impl.dart,"{""client_id"":""[[identificador-unico-usuario]]"",""session_id"":""[[identificador-unico-sessao]]"",""events"":[{""name"":""view_item_list"",""params"":{""currency"":""BRL"",""item_list_id"":""$itemListId"",""item_list_name"":""$itemListName"",""items"":[{""item_id"":""$sku"",""item_name"":""$itemName"",""item_brand"":""$brand"",""price"":""$price"",""quantity"":1}]}}]}",manter,essencial_p0,,,,,Ja dispara GA4 view_item_list no codigo - manter contrato ECOM
Inicio,Vitrines home e banners,P0,ecommerce,Interacao em banners,Evento custom eventSelectPromotion (prismicBannerPressed),"{""eventSelectPromotion"":{""eventCategory"":""app-rev:home"",""eventAction"":"""",""eventLabel"":""""}}",app-rev:home,,,microapps/oraculo/lib/presentation/sections/tag/banners_tag_impl.dart,"{""client_id"":""[[identificador-unico-usuario]]"",""session_id"":""[[identificador-unico-sessao]]"",""events"":[{""name"":""select_promotion"",""params"":{""creative_name"":""$creativeName"",""creative_slot"":""$creativeSlot"",""promotion_id"":""$promotionId"",""promotion_name"":""$promotionName""}}]}",migrar,essencial_p0,,,,,Criativo no funil de compra - select_promotion
Inicio,Vitrines home e banners,P0,screen_view,Interacao em banners,Exibe tela $dynamic,"{""screen_view"":{""screen_name"":""$dynamic""}}",,,,microapps/oraculo/lib/presentation/sections/tag/banners_tag_impl.dart,"{""client_id"":""[[identificador-unico-usuario]]"",""session_id"":""[[identificador-unico-sessao]]"",""events"":[{""name"":""screen_view"",""params"":{""cd_page_title"":""banner"",""screen_name"":""/app-rev/inicio/banner""}}]}",adicionar_pageview,lacuna_pageview,,,/app-rev/inicio/banner,,PV com interpolacao no extrator ('$dynamic') - propor /app-rev/inicio/banner
Inicio,Vitrines home e banners,P2,interaction,Interacao em section scroll,Acao registrada: interacao:scroll / ${FormatterHelper.toAnalyticsFormat(sectionName)}:$productQtd,"{""event"":{""eventCategory"":""app-rev:vitrine"",""eventAction"":""interacao:scroll"",""eventLabel"":""${FormatterHelper.toAnalyticsFormat(sectionName)}:$productQtd""}}",app-rev:vitrine,interacao:scroll,${FormatterHelper.toAnalyticsFormat(sectionName)}:$productQtd,microapps/oraculo/lib/presentation/sections/tag/section_scroll_tag_impl.dart,,remover,anti_padrao,interaction_explorar,,,,Scroll de carrossel - anti-padrao
Inicio,Vitrines home e banners,P0,ecommerce,Interacao em section,ECOM view_item_list (viewItemList),"{""view_item_list"":{""eventCategory"":"""",""eventAction"":""view_item_list"",""eventLabel"":""view_item_list""}}",,view_item_list,view_item_list,microapps/oraculo/lib/presentation/sections/tag/section_tag_impl.dart,"{""client_id"":""[[identificador-unico-usuario]]"",""session_id"":""[[identificador-unico-sessao]]"",""events"":[{""name"":""view_item_list"",""params"":{""currency"":""BRL"",""item_list_id"":""$itemListId"",""item_list_name"":""$itemListName"",""items"":[{""item_id"":""$sku"",""item_name"":""$itemName"",""item_brand"":""$brand"",""price"":""$price"",""quantity"":1}]}}]}",manter,essencial_p0,,,,,Ja dispara GA4 view_item_list no codigo - manter contrato ECOM
Inicio,Landing pages (Prismic),P0,ecommerce,Interacao em section,Acao registrada: clique:botao / adicionar-item:$product (addItemButtonPressed),"{""event"":{""eventCategory"":""eventCategory.getShowcaseCategory()"",""eventAction"":""clique:botao"",""eventLabel"":""adicionar-item:$product""}}",eventCategory.getShowcaseCategory(),clique:botao,adicionar-item:$product,microapps/oraculo/lib/presentation/sections/tag/section_tag_impl.dart,"{""client_id"":""[[identificador-unico-usuario]]"",""session_id"":""[[identificador-unico-sessao]]"",""events"":[{""name"":""add_to_cart"",""params"":{""currency"":""BRL"",""item_list_name"":""$itemListName"",""items"":[{""item_id"":""$sku"",""item_name"":""$itemName"",""item_brand"":""$brand"",""price"":""$price"",""quantity"":""$quantity""}],""value"":""$value""}}]}",migrar,essencial_p0,,,,,CTA adicionar na lista/PDP/busca - migrar para add_to_cart (funil de compra)
Inicio,Landing pages (Prismic),P2,interaction,Interacao em section,Acao registrada: clique:icone / adicionar-item:$product (decreaseItemQuantityButtonPressed),"{""event"":{""eventCategory"":""eventCategory.getShowcaseCategory()"",""eventAction"":""clique:icone"",""eventLabel"":""adicionar-item:$product""}}",eventCategory.getShowcaseCategory(),clique:icone,adicionar-item:$product,microapps/oraculo/lib/presentation/sections/tag/section_tag_impl.dart,,remover,fundir_pai,interaction_explorar,,,,Granularidade +/- quantidade - fundir no add_to_cart pai
Inicio,Vitrines home e banners,P0,ecommerce,Interacao em section,Acao registrada: clique:botao / adicionar-item:$product (remindMePressed),"{""event"":{""eventCategory"":""remindMeFlowEventCategory(appRev"",""eventAction"":""clique:botao"",""eventLabel"":""adicionar-item:$product""}}",remindMeFlowEventCategory(appRev,clique:botao,adicionar-item:$product,microapps/oraculo/lib/presentation/sections/tag/section_tag_impl.dart,"{""client_id"":""[[identificador-unico-usuario]]"",""session_id"":""[[identificador-unico-sessao]]"",""events"":[{""name"":""add_to_cart"",""params"":{""currency"":""BRL"",""item_list_name"":""$itemListName"",""items"":[{""item_id"":""$sku"",""item_name"":""$itemName"",""item_brand"":""$brand"",""price"":""$price"",""quantity"":""$quantity""}],""value"":""$value""}}]}",migrar,essencial_p0,,,,,CTA adicionar na lista/PDP/busca - migrar para add_to_cart (funil de compra)
Inicio,Landing pages (Prismic),P2,interaction,Interacao em section,Acao registrada: clique:botao / clickRedirectCardEventLabel( (setClickRedirectCard),"{""event"":{""eventCategory"":""eventCategory.getShowcaseCategory()"",""eventAction"":""clique:botao"",""eventLabel"":""clickRedirectCardEventLabel(""}}",eventCategory.getShowcaseCategory(),clique:botao,clickRedirectCardEventLabel(,microapps/oraculo/lib/presentation/sections/tag/section_tag_impl.dart,,remover,nav_duplicada,interaction_explorar,,,,Clique de navegacao in-app - PV no destino cobre chegada
Inicio,Landing pages (Prismic),P2,interaction,Interacao em section,Acao registrada: interacao:scroll / scrollSectionProductListEventLabel( (sectionProductListScroll),"{""event"":{""eventCategory"":""eventCategory.getShowcaseCategory()"",""eventAction"":""interacao:scroll"",""eventLabel"":""scrollSectionProductListEventLabel(""}}",eventCategory.getShowcaseCategory(),interacao:scroll,scrollSectionProductListEventLabel(,microapps/oraculo/lib/presentation/sections/tag/section_tag_impl.dart,,remover,anti_padrao,interaction_explorar,,,,Scroll de carrossel - anti-padrao
Inicio,Landing pages (Prismic),P1,interaction,Interacao em section,Acao registrada: clique:botao / $tryAgainLabel:${analyticsFormatter(section)} (tryAgainSectionButtonPressed),"{""event"":{""eventCategory"":""eventCategory.getShowcaseCategoryErro()"",""eventAction"":""clique:botao"",""eventLabel"":""$tryAgainLabel:${analyticsFormatter(section)}""}}",eventCategory.getShowcaseCategoryErro(),clique:botao,$tryAgainLabel:${analyticsFormatter(section)},microapps/oraculo/lib/presentation/sections/tag/section_tag_impl.dart,"{""client_id"":""[[identificador-unico-usuario]]"",""session_id"":""[[identificador-unico-sessao]]"",""events"":[{""name"":""interaction_explorar"",""params"":{""cd_interaction_detail"":""click:button-tryagainlabel:analyticsformattersection""}}]}",migrar,essencial_p1,interaction_explorar,click:button-tryagainlabel:analyticsformattersection,,,Interacao da jornada - migrar para interaction_explorar
Inicio,Landing pages (Prismic),P1,interaction,Interacao em section,Acao registrada: interacao:vitrine / errorMsg (tryAgainError),"{""event"":{""eventCategory"":""eventCategory.getShowcaseCategoryErro()"",""eventAction"":""interacao:vitrine"",""eventLabel"":""errorMsg""}}",eventCategory.getShowcaseCategoryErro(),interacao:vitrine,errorMsg,microapps/oraculo/lib/presentation/sections/tag/section_tag_impl.dart,"{""client_id"":""[[identificador-unico-usuario]]"",""session_id"":""[[identificador-unico-sessao]]"",""events"":[{""name"":""interaction_explorar"",""params"":{""cd_interaction_detail"":""click:button-errormsg""}}]}",migrar,essencial_p1,interaction_explorar,click:button-errormsg,,,Interacao da jornada - migrar para interaction_explorar
Inicio,Vitrines home e banners,P1,interaction,Interacao em section,Acao registrada: clique:botao / total-a-pagar (showcaseSeeAllTotalAmountButtonPressed),"{""event"":{""eventCategory"":""$dynamic"",""eventAction"":""clique:botao"",""eventLabel"":""total-a-pagar""}}",$dynamic,clique:botao,total-a-pagar,microapps/oraculo/lib/presentation/sections/tag/section_tag_impl.dart,"{""client_id"":""[[identificador-unico-usuario]]"",""session_id"":""[[identificador-unico-sessao]]"",""events"":[{""name"":""interaction_explorar"",""params"":{""cd_interaction_detail"":""click:button-total-a-pagar""}}]}",migrar,essencial_p1,interaction_explorar,click:button-total-a-pagar,,,Interacao da jornada - migrar para interaction_explorar
Inicio,Landing pages (Prismic),P1,interaction,Interacao em section,Acao registrada: clique:botao / pesquisar-produtos (showcaseSeeAllSearchButtonPressed),"{""event"":{""eventCategory"":""eventCategory.getShowcaseCategory()"",""eventAction"":""clique:botao"",""eventLabel"":""pesquisar-produtos""}}",eventCategory.getShowcaseCategory(),clique:botao,pesquisar-produtos,microapps/oraculo/lib/presentation/sections/tag/section_tag_impl.dart,"{""client_id"":""[[identificador-unico-usuario]]"",""session_id"":""[[identificador-unico-sessao]]"",""events"":[{""name"":""interaction_explorar"",""params"":{""cd_interaction_detail"":""click:button-pesquisar-produtos""}}]}",migrar,essencial_p1,interaction_explorar,click:button-pesquisar-produtos,,,Interacao da jornada - migrar para interaction_explorar
Inicio,Vitrines home e banners,P0,interaction,Interacao em section,Acao registrada: clique:botao / ShareProductAnalyticsConstants.shareProductEventLabel (onSharePressed),"{""event"":{""eventCategory"":""app-rev:${analyticsFormatter(origin)}"",""eventAction"":""clique:botao"",""eventLabel"":""ShareProductAnalyticsConstants.shareProductEventLabel""}}",app-rev:${analyticsFormatter(origin)},clique:botao,ShareProductAnalyticsConstants.shareProductEventLabel,microapps/oraculo/lib/presentation/sections/tag/section_tag_impl.dart,"{""client_id"":""[[identificador-unico-usuario]]"",""session_id"":""[[identificador-unico-sessao]]"",""events"":[{""name"":""interaction_explorar"",""params"":{""cd_interaction_detail"":""share:share-button-compartilhar-produto"",""cd_sku"":""$sku""}}]}",migrar,essencial_p0,interaction_explorar,share:share-button-compartilhar-produto,,,Share de produto - manter (nao e nav)
Inicio,Vitrines home e banners,P0,screen_view,Interacao em section,Exibe tela $dynamic,"{""screen_view"":{""screen_name"":""$dynamic""}}",,,,microapps/oraculo/lib/presentation/sections/tag/section_tag_impl.dart,"{""client_id"":""[[identificador-unico-usuario]]"",""session_id"":""[[identificador-unico-sessao]]"",""events"":[{""name"":""screen_view"",""params"":{""cd_page_title"":""secao"",""screen_name"":""/app-rev/inicio/secao""}}]}",adicionar_pageview,lacuna_pageview,,,/app-rev/inicio/secao,,PV com interpolacao no extrator ('$dynamic') - propor /app-rev/inicio/secao
Inicio,Vitrines home e banners,P0,ecommerce,Interacao em section view,ECOM view_item_list (onViewSection),"{""view_item_list"":{""eventCategory"":"""",""eventAction"":""view_item_list"",""eventLabel"":""view_item_list""}}",,view_item_list,view_item_list,microapps/oraculo/lib/presentation/sections/tag/section_view_tag_impl.dart,"{""client_id"":""[[identificador-unico-usuario]]"",""session_id"":""[[identificador-unico-sessao]]"",""events"":[{""name"":""view_item_list"",""params"":{""currency"":""BRL"",""item_list_id"":""$itemListId"",""item_list_name"":""$itemListName"",""items"":[{""item_id"":""$sku"",""item_name"":""$itemName"",""item_brand"":""$brand"",""price"":""$price"",""quantity"":1}]}}]}",manter,essencial_p0,,,,,Ja dispara GA4 view_item_list no codigo - manter contrato ECOM
Inicio,PDP (detalhe do produto),P1,interaction,Interacao em stock status,Evento custom view_stock_status (setViewStockStatus),"{""view_stock_status"":{""eventCategory"":"""",""eventAction"":"""",""eventLabel"":""""}}",,,,microapps/oraculo/lib/presentation/stock_status/tag/stock_status_tag_impl.dart,"{""client_id"":""[[identificador-unico-usuario]]"",""session_id"":""[[identificador-unico-sessao]]"",""events"":[{""name"":""interaction_explorar"",""params"":{""cd_interaction_detail"":""click:button-setviewstockstatus""}}]}",migrar,essencial_p1,interaction_explorar,click:button-setviewstockstatus,,,Interacao da jornada - migrar para interaction_explorar
Inicio,Lista de produtos (PLP),P0,ecommerce,Interacao em products list component,ECOM view_item_list (viewItemList),"{""view_item_list"":{""eventCategory"":"""",""eventAction"":""view_item_list"",""eventLabel"":""view_item_list""}}",,view_item_list,view_item_list,microapps/oraculo/lib/products_list_component/presentation/tag/products_list_component_tag_impl.dart,"{""client_id"":""[[identificador-unico-usuario]]"",""session_id"":""[[identificador-unico-sessao]]"",""events"":[{""name"":""view_item_list"",""params"":{""currency"":""BRL"",""item_list_id"":""$itemListId"",""item_list_name"":""$itemListName"",""items"":[{""item_id"":""$sku"",""item_name"":""$itemName"",""item_brand"":""$brand"",""price"":""$price"",""quantity"":1}]}}]}",manter,essencial_p0,,,,,Ja dispara GA4 view_item_list no codigo - manter contrato ECOM
Inicio,Lista de produtos (PLP),P0,ecommerce,Interacao em products list component,Acao registrada: clique:botao / adicionar-item:$product (addItemButtonPressed),"{""event"":{""eventCategory"":""eventCategory(pageTittle)"",""eventAction"":""clique:botao"",""eventLabel"":""adicionar-item:$product""}}",eventCategory(pageTittle),clique:botao,adicionar-item:$product,microapps/oraculo/lib/products_list_component/presentation/tag/products_list_component_tag_impl.dart,"{""client_id"":""[[identificador-unico-usuario]]"",""session_id"":""[[identificador-unico-sessao]]"",""events"":[{""name"":""add_to_cart"",""params"":{""currency"":""BRL"",""item_list_name"":""$itemListName"",""items"":[{""item_id"":""$sku"",""item_name"":""$itemName"",""item_brand"":""$brand"",""price"":""$price"",""quantity"":""$quantity""}],""value"":""$value""}}]}",migrar,essencial_p0,,,,,CTA adicionar na lista/PDP/busca - migrar para add_to_cart (funil de compra)
Inicio,Lista de produtos (PLP),P2,interaction,Interacao em products list component,Acao registrada: clique:icone / adicionar-item:$product (decreaseItemQuantityButtonPressed),"{""event"":{""eventCategory"":""eventCategory(pageTittle)"",""eventAction"":""clique:icone"",""eventLabel"":""adicionar-item:$product""}}",eventCategory(pageTittle),clique:icone,adicionar-item:$product,microapps/oraculo/lib/products_list_component/presentation/tag/products_list_component_tag_impl.dart,,remover,fundir_pai,interaction_explorar,,,,Granularidade +/- quantidade - fundir no add_to_cart pai
Inicio,PDP (detalhe do produto),P0,ecommerce,Interacao em product details,ECOM view_item_list (viewItemList),"{""view_item_list"":{""eventCategory"":"""",""eventAction"":""view_item_list"",""eventLabel"":""view_item_list""}}",,view_item_list,view_item_list,microapps/oraculo/lib/product_details/presentation/tag/product_details_tag_impl.dart,"{""client_id"":""[[identificador-unico-usuario]]"",""session_id"":""[[identificador-unico-sessao]]"",""events"":[{""name"":""view_item_list"",""params"":{""currency"":""BRL"",""item_list_id"":""$itemListId"",""item_list_name"":""$itemListName"",""items"":[{""item_id"":""$sku"",""item_name"":""$itemName"",""item_brand"":""$brand"",""price"":""$price"",""quantity"":1}]}}]}",manter,essencial_p0,,,,,Ja dispara GA4 view_item_list no codigo - manter contrato ECOM
Inicio,PDP (detalhe do produto),P0,ecommerce,Interacao em product details,ECOM view_item (viewProduct),"{""view_item"":{""eventCategory"":"""",""eventAction"":""view_item"",""eventLabel"":""view_item""}}",,view_item,view_item,microapps/oraculo/lib/product_details/presentation/tag/product_details_tag_impl.dart,"{""client_id"":""[[identificador-unico-usuario]]"",""session_id"":""[[identificador-unico-sessao]]"",""events"":[{""name"":""view_item"",""params"":{""currency"":""BRL"",""item_list_name"":""$itemListName"",""items"":[{""item_id"":""$sku"",""item_name"":""$itemName"",""item_brand"":""$brand"",""price"":""$price"",""quantity"":1}],""value"":""$value""}}]}",manter,essencial_p0,,,,,Ja dispara GA4 view_item no codigo - manter contrato ECOM
Inicio,PDP (detalhe do produto),P1,interaction,Interacao em product details,Acao registrada: clique:dropdown / $dynamic (onExpansionDisplayed),"{""event"":{""eventCategory"":""app-rev:pdp"",""eventAction"":""clique:dropdown"",""eventLabel"":""$dynamic""}}",app-rev:pdp,clique:dropdown,$dynamic,microapps/oraculo/lib/product_details/presentation/tag/product_details_tag_impl.dart,"{""client_id"":""[[identificador-unico-usuario]]"",""session_id"":""[[identificador-unico-sessao]]"",""events"":[{""name"":""interaction_explorar"",""params"":{""cd_interaction_detail"":""click:button-revisar-pm""}}]}",migrar,essencial_p1,interaction_explorar,click:button-revisar-pm,,,Interacao da jornada - migrar para interaction_explorar
Inicio,PDP (detalhe do produto),P0,ecommerce,Interacao em product details,Acao registrada: clique:botao / adicionar-item:$product (addItemButtonPressed),"{""event"":{""eventCategory"":""similarProductsButtonPressedEventCategory("",""eventAction"":""clique:botao"",""eventLabel"":""adicionar-item:$product""}}",similarProductsButtonPressedEventCategory(,clique:botao,adicionar-item:$product,microapps/oraculo/lib/product_details/presentation/tag/product_details_tag_impl.dart,"{""client_id"":""[[identificador-unico-usuario]]"",""session_id"":""[[identificador-unico-sessao]]"",""events"":[{""name"":""add_to_cart"",""params"":{""currency"":""BRL"",""item_list_name"":""$itemListName"",""items"":[{""item_id"":""$sku"",""item_name"":""$itemName"",""item_brand"":""$brand"",""price"":""$price"",""quantity"":""$quantity""}],""value"":""$value""}}]}",migrar,essencial_p0,,,,,CTA adicionar na lista/PDP/busca - migrar para add_to_cart (funil de compra)
Inicio,PDP (detalhe do produto),P0,screen_view,Interacao em product details,Exibe tela /app-rev/busca/produto-sem-estoque,"{""screen_view"":{""screen_name"":""/app-rev/busca/produto-sem-estoque""}}",,,,microapps/oraculo/lib/product_details/presentation/tag/product_details_tag_impl.dart,"{""client_id"":""[[identificador-unico-usuario]]"",""session_id"":""[[identificador-unico-sessao]]"",""events"":[{""name"":""screen_view"",""params"":{""cd_page_title"":""produto-sem-estoque"",""screen_name"":""/app-rev/busca/produto-sem-estoque""}}]}",manter,pageview_ok,,,/app-rev/busca/produto-sem-estoque,/app-rev/busca/produto-sem-estoque,Pageview existente - manter
Inicio,Landing pages (Prismic),P0,ecommerce,Interacao em showcase component,ECOM view_item_list (viewItemList),"{""view_item_list"":{""eventCategory"":"""",""eventAction"":""view_item_list"",""eventLabel"":""view_item_list""}}",,view_item_list,view_item_list,microapps/oraculo/lib/showcase_component/presentation/tag/showcase_component_tag_impl.dart,"{""client_id"":""[[identificador-unico-usuario]]"",""session_id"":""[[identificador-unico-sessao]]"",""events"":[{""name"":""view_item_list"",""params"":{""currency"":""BRL"",""item_list_id"":""$itemListId"",""item_list_name"":""$itemListName"",""items"":[{""item_id"":""$sku"",""item_name"":""$itemName"",""item_brand"":""$brand"",""price"":""$price"",""quantity"":1}]}}]}",manter,essencial_p0,,,,,Ja dispara GA4 view_item_list no codigo - manter contrato ECOM
Inicio,Landing pages (Prismic),P0,ecommerce,Interacao em showcase component,Acao registrada: clique:botao / adicionar-item:$product (addItemButtonPressed),"{""event"":{""eventCategory"":""eventCategory(pageTittle)"",""eventAction"":""clique:botao"",""eventLabel"":""adicionar-item:$product""}}",eventCategory(pageTittle),clique:botao,adicionar-item:$product,microapps/oraculo/lib/showcase_component/presentation/tag/showcase_component_tag_impl.dart,"{""client_id"":""[[identificador-unico-usuario]]"",""session_id"":""[[identificador-unico-sessao]]"",""events"":[{""name"":""add_to_cart"",""params"":{""currency"":""BRL"",""item_list_name"":""$itemListName"",""items"":[{""item_id"":""$sku"",""item_name"":""$itemName"",""item_brand"":""$brand"",""price"":""$price"",""quantity"":""$quantity""}],""value"":""$value""}}]}",migrar,essencial_p0,,,,,CTA adicionar na lista/PDP/busca - migrar para add_to_cart (funil de compra)
Inicio,Landing pages (Prismic),P2,interaction,Interacao em showcase component,Acao registrada: clique:icone / adicionar-item:$product (decreaseItemQuantityButtonPressed),"{""event"":{""eventCategory"":""eventCategory(pageTittle)"",""eventAction"":""clique:icone"",""eventLabel"":""adicionar-item:$product""}}",eventCategory(pageTittle),clique:icone,adicionar-item:$product,microapps/oraculo/lib/showcase_component/presentation/tag/showcase_component_tag_impl.dart,,remover,fundir_pai,interaction_explorar,,,,Granularidade +/- quantidade - fundir no add_to_cart pai
